--
-- PostgreSQL database dump
--

\restrict aHBPJfVArWTtJVUFfVwUdpOFjyrkljOSCEs7rIzeooUaj2PGEa5HaObm55VpPMX

-- Dumped from database version 18.4 (48c2093)
-- Dumped by pg_dump version 18.4

SET statement_timeout = 0;
SET lock_timeout = 0;
SET idle_in_transaction_session_timeout = 0;
SET transaction_timeout = 0;
SET client_encoding = 'UTF8';
SET standard_conforming_strings = on;
SELECT pg_catalog.set_config('search_path', '', false);
SET check_function_bodies = false;
SET xmloption = content;
SET client_min_messages = warning;
SET row_security = off;

--
-- Data for Name: AcademicYear; Type: TABLE DATA; Schema: public; Owner: -
--

INSERT INTO public."AcademicYear" (id, code, "startDate", "endDate", "isActive", remarks) VALUES ('08395ab1-255f-46a2-aa3f-9fc93cb47802', 'SY2024-2025', '2024-08-01 00:00:00', '2025-05-30 00:00:00', false, 'Past Academic Year');
INSERT INTO public."AcademicYear" (id, code, "startDate", "endDate", "isActive", remarks) VALUES ('cdc71ff6-d6e9-42c6-a871-54a27dacc8dd', 'SY2027-2028', '2026-07-06 00:00:00', '2027-04-30 00:00:00', false, '');
INSERT INTO public."AcademicYear" (id, code, "startDate", "endDate", "isActive", remarks) VALUES ('c8841b11-0d98-4099-aecc-352b13e324b0', 'SY2025-2026', '2025-08-01 00:00:00', '2026-05-30 00:00:00', false, 'Past Academic Year');
INSERT INTO public."AcademicYear" (id, code, "startDate", "endDate", "isActive", remarks) VALUES ('2fb5c50a-ade1-4196-896d-b1fdb921daad', 'SY2026-2027', '2026-08-01 00:00:00', '2027-05-30 00:00:00', true, 'Current Academic Year');


--
-- Data for Name: Student; Type: TABLE DATA; Schema: public; Owner: -
--

INSERT INTO public."Student" (id, "studentNo", lrn, "firstName", "middleName", "lastName", suffix, birthdate, gender, "gradeLevel", section, adviser, "studentType", "enrollmentStatus", "documentStatus", "financeStatus", guardian, "contactNo", address, "motherName", "motherContact", "fatherName", "fatherContact", "phAddress", "uaeAddress", "previousSchool", "lastUpdated", "academicYearId", "photoFileId", "photoUrl", "enrollmentSubmittedAt") VALUES ('d393ed97-a21e-4096-861f-8c3fff159b76', 'STU-2026-001', 'LRN100001', 'Student 1', NULL, 'Test', NULL, NULL, NULL, 'Nursery', 'SFXSAI', NULL, 'Regular', 'Enrolled', 'Incomplete', 'Paid', NULL, NULL, NULL, NULL, NULL, NULL, NULL, NULL, NULL, NULL, '2026-06-17 04:36:53.023', NULL, NULL, NULL, '2026-05-14 17:20:23.414');
INSERT INTO public."Student" (id, "studentNo", lrn, "firstName", "middleName", "lastName", suffix, birthdate, gender, "gradeLevel", section, adviser, "studentType", "enrollmentStatus", "documentStatus", "financeStatus", guardian, "contactNo", address, "motherName", "motherContact", "fatherName", "fatherContact", "phAddress", "uaeAddress", "previousSchool", "lastUpdated", "academicYearId", "photoFileId", "photoUrl", "enrollmentSubmittedAt") VALUES ('06df41b9-a854-4523-92ad-e13d6bc02dcf', 'SFX-2026-2027-016', 'NO-LRN-SY2026-2027-8E9650CB', 'Aafiyah Duane Sashkia', 'Pelesco', 'Gonzales', NULL, '2021-09-02 00:00:00', 'Female', 'Kinder', 'SFXSAI', NULL, 'Continuing', 'Officially Enrolled', 'Pending', 'Unassessed', 'Kristine Ann Gudmaling Pelesco', '09168293195', 'Conalum, Inopacan, Leyte', 'Kristine Ann Gudmaling Pelesco', '09168293195', 'Emerson  Castro Gonzales', '09168293195', 'Conalum, Inopacan, Leyte', NULL, 'St. Francis Xavier Smart Academy Inc.', '2026-06-17 04:36:53.023', '2fb5c50a-ade1-4196-896d-b1fdb921daad', NULL, NULL, '2026-06-05 05:02:35.642');
INSERT INTO public."Student" (id, "studentNo", lrn, "firstName", "middleName", "lastName", suffix, birthdate, gender, "gradeLevel", section, adviser, "studentType", "enrollmentStatus", "documentStatus", "financeStatus", guardian, "contactNo", address, "motherName", "motherContact", "fatherName", "fatherContact", "phAddress", "uaeAddress", "previousSchool", "lastUpdated", "academicYearId", "photoFileId", "photoUrl", "enrollmentSubmittedAt") VALUES ('3d292f19-aeba-4eaf-8423-c7ec8b536f6f', 'STU-2026-002', 'LRN100002', 'Student 2', NULL, 'Test', NULL, NULL, NULL, 'Grade 1', 'SFXSAI', NULL, 'Regular', 'Withdrawn', 'Incomplete', 'Paid', NULL, NULL, NULL, NULL, NULL, NULL, NULL, NULL, NULL, NULL, '2026-06-17 04:36:53.023', NULL, NULL, NULL, '2026-04-12 17:20:23.601');
INSERT INTO public."Student" (id, "studentNo", lrn, "firstName", "middleName", "lastName", suffix, birthdate, gender, "gradeLevel", section, adviser, "studentType", "enrollmentStatus", "documentStatus", "financeStatus", guardian, "contactNo", address, "motherName", "motherContact", "fatherName", "fatherContact", "phAddress", "uaeAddress", "previousSchool", "lastUpdated", "academicYearId", "photoFileId", "photoUrl", "enrollmentSubmittedAt") VALUES ('28cddf98-7675-475e-bd49-fc2395e6de7a', 'STU-2026-003', 'LRN100003', 'Student 3', NULL, 'Test', NULL, NULL, NULL, 'Grade 2', 'SFXSAI', NULL, 'Regular', 'Enrolled', 'Incomplete', 'Paid', NULL, NULL, NULL, NULL, NULL, NULL, NULL, NULL, NULL, NULL, '2026-06-17 04:36:53.023', NULL, NULL, NULL, '2026-03-10 17:20:23.697');
INSERT INTO public."Student" (id, "studentNo", lrn, "firstName", "middleName", "lastName", suffix, birthdate, gender, "gradeLevel", section, adviser, "studentType", "enrollmentStatus", "documentStatus", "financeStatus", guardian, "contactNo", address, "motherName", "motherContact", "fatherName", "fatherContact", "phAddress", "uaeAddress", "previousSchool", "lastUpdated", "academicYearId", "photoFileId", "photoUrl", "enrollmentSubmittedAt") VALUES ('aee6d2f5-793b-4a33-9e82-2fc714e48ce9', 'STU-2026-005', 'LRN100005', 'Student 5', NULL, 'Test', NULL, NULL, NULL, 'Grade 3', 'SFXSAI', NULL, 'Regular', 'Enrolled', 'Incomplete', 'Paid', NULL, NULL, NULL, NULL, NULL, NULL, NULL, NULL, NULL, NULL, '2026-06-17 04:36:53.023', NULL, NULL, NULL, '2026-01-06 17:20:23.886');
INSERT INTO public."Student" (id, "studentNo", lrn, "firstName", "middleName", "lastName", suffix, birthdate, gender, "gradeLevel", section, adviser, "studentType", "enrollmentStatus", "documentStatus", "financeStatus", guardian, "contactNo", address, "motherName", "motherContact", "fatherName", "fatherContact", "phAddress", "uaeAddress", "previousSchool", "lastUpdated", "academicYearId", "photoFileId", "photoUrl", "enrollmentSubmittedAt") VALUES ('8037e75b-11d0-4fcc-b9ec-46d27e39b618', 'STU-2026-012', 'LRN100012', 'Student 12', NULL, 'Test', NULL, NULL, NULL, 'Grade 4', 'SFXSAI', NULL, 'Regular', 'Enrolled', 'Incomplete', 'Paid', NULL, NULL, NULL, NULL, NULL, NULL, NULL, NULL, NULL, NULL, '2026-06-17 04:36:53.023', NULL, NULL, NULL, '2026-05-23 17:20:24.551');
INSERT INTO public."Student" (id, "studentNo", lrn, "firstName", "middleName", "lastName", suffix, birthdate, gender, "gradeLevel", section, adviser, "studentType", "enrollmentStatus", "documentStatus", "financeStatus", guardian, "contactNo", address, "motherName", "motherContact", "fatherName", "fatherContact", "phAddress", "uaeAddress", "previousSchool", "lastUpdated", "academicYearId", "photoFileId", "photoUrl", "enrollmentSubmittedAt") VALUES ('93457501-bd93-48f3-85a4-3daa7de67494', 'STU-2026-013', 'LRN100013', 'Student 13', NULL, 'Test', NULL, NULL, NULL, 'Grade 5', 'SFXSAI', NULL, 'Regular', 'Enrolled', 'Incomplete', 'Paid', NULL, NULL, NULL, NULL, NULL, NULL, NULL, NULL, NULL, NULL, '2026-06-17 04:36:53.023', NULL, NULL, NULL, '2026-04-20 17:20:24.648');
INSERT INTO public."Student" (id, "studentNo", lrn, "firstName", "middleName", "lastName", suffix, birthdate, gender, "gradeLevel", section, adviser, "studentType", "enrollmentStatus", "documentStatus", "financeStatus", guardian, "contactNo", address, "motherName", "motherContact", "fatherName", "fatherContact", "phAddress", "uaeAddress", "previousSchool", "lastUpdated", "academicYearId", "photoFileId", "photoUrl", "enrollmentSubmittedAt") VALUES ('bebdcd45-2018-4fa9-803b-a2a644ca9a2f', 'SFX-2026-2027-018', 'NO-LRN-SY2026-2027-29E58BF8', 'John Carl D.', NULL, 'Monjas', NULL, '2021-05-26 00:00:00', 'Male', 'Grade 6', 'SFXSAI', NULL, 'Continuing', 'Officially Enrolled', 'Pending', 'Unassessed', 'Scarlit Dadula', '09949331596', 'Conalum, Inopacan, Leyte', 'Scarlit Dadula', '09949331596', 'Junrey Monjas', '09949331596', 'Conalum, Inopacan, Leyte', NULL, 'St. Francis Xavier Smart Academy Inc.', '2026-06-17 04:36:53.023', '2fb5c50a-ade1-4196-896d-b1fdb921daad', NULL, NULL, '2026-06-02 10:14:24.284');
INSERT INTO public."Student" (id, "studentNo", lrn, "firstName", "middleName", "lastName", suffix, birthdate, gender, "gradeLevel", section, adviser, "studentType", "enrollmentStatus", "documentStatus", "financeStatus", guardian, "contactNo", address, "motherName", "motherContact", "fatherName", "fatherContact", "phAddress", "uaeAddress", "previousSchool", "lastUpdated", "academicYearId", "photoFileId", "photoUrl", "enrollmentSubmittedAt") VALUES ('a359dae9-68d9-4cc3-bb80-a547aefc8097', 'SFX-2026-2027-019', 'NO-LRN-SY2026-2027-B76F3653', 'Dominic Romiel', 'Golo', 'Mandam', NULL, '2021-04-24 00:00:00', 'Male', 'Kinder', 'SFXSAI', NULL, 'Continuing', 'Officially Enrolled', 'Pending', 'Unassessed', 'Golo, Mabel, Cubio', '09916015765', 'Conalum, Inopacan, Leyte', 'Golo, Mabel, Cubio', '09916015765', 'Mandam, Randel, M.', NULL, 'Conalum, Inopacan, Leyte', NULL, 'St. Francis Xavier Smart Academy Inc.', '2026-06-17 04:36:53.023', '2fb5c50a-ade1-4196-896d-b1fdb921daad', NULL, NULL, '2026-06-10 20:00:00');
INSERT INTO public."Student" (id, "studentNo", lrn, "firstName", "middleName", "lastName", suffix, birthdate, gender, "gradeLevel", section, adviser, "studentType", "enrollmentStatus", "documentStatus", "financeStatus", guardian, "contactNo", address, "motherName", "motherContact", "fatherName", "fatherContact", "phAddress", "uaeAddress", "previousSchool", "lastUpdated", "academicYearId", "photoFileId", "photoUrl", "enrollmentSubmittedAt") VALUES ('7895eb39-cc95-4fae-b5c9-3f5d21031f2f', 'SFX-2026-2027-021', 'NO-LRN-SY2026-2027-BBC6502F', 'Shaniah Vanadei Lebaresos', NULL, 'Libres', NULL, '2021-02-21 00:00:00', 'Female', 'Grade 1', 'SFXSAI', NULL, 'Continuing', 'Officially Enrolled', 'Pending', 'Unassessed', 'Glesan Cañete Lebaresos', '09283249183', 'Plaridel Baybay City, Leyte', 'Glesan Cañete Lebaresos', '09283249183', 'Sonny Jake Tereso Cerilla Libres', '09283249183', 'Plaridel Baybay City, Leyte', NULL, 'St. Francis Xavier Smart Academy Inc.', '2026-06-17 04:36:53.023', '2fb5c50a-ade1-4196-896d-b1fdb921daad', NULL, NULL, '2026-05-25 10:44:28.258');
INSERT INTO public."Student" (id, "studentNo", lrn, "firstName", "middleName", "lastName", suffix, birthdate, gender, "gradeLevel", section, adviser, "studentType", "enrollmentStatus", "documentStatus", "financeStatus", guardian, "contactNo", address, "motherName", "motherContact", "fatherName", "fatherContact", "phAddress", "uaeAddress", "previousSchool", "lastUpdated", "academicYearId", "photoFileId", "photoUrl", "enrollmentSubmittedAt") VALUES ('0f277eff-430b-4e52-b142-37c5152ea931', 'SFX-2026-2027-061', '451503200002', 'Gabriel Martin', 'Cortejos', 'Salazar', NULL, '2015-10-06 00:00:00', 'Male', 'Grade 2', 'SFXSAI', NULL, 'Continuing', 'Officially Enrolled', 'Pending', 'Unassessed', 'Cortejos, Roxanne, Bibat', '09260923110', 'Maljo, Inopacan, Leyte', 'Cortejos, Roxanne, Bibat', '09260923110', 'Salazar, Fidel Marti Morot', NULL, 'Maljo, Inopacan, Leyte', NULL, 'St. Francis Xavier Smart Academy Inc.', '2026-06-17 04:36:53.023', '2fb5c50a-ade1-4196-896d-b1fdb921daad', NULL, NULL, '2026-06-09 14:19:02.607');
INSERT INTO public."Student" (id, "studentNo", lrn, "firstName", "middleName", "lastName", suffix, birthdate, gender, "gradeLevel", section, adviser, "studentType", "enrollmentStatus", "documentStatus", "financeStatus", guardian, "contactNo", address, "motherName", "motherContact", "fatherName", "fatherContact", "phAddress", "uaeAddress", "previousSchool", "lastUpdated", "academicYearId", "photoFileId", "photoUrl", "enrollmentSubmittedAt") VALUES ('6a4420d6-abbb-4601-bc26-429cfaa07a9d', 'SFX-2026-2027-025', '411103250003', 'Ergiel Lhiam', 'Albesa', 'Bibat', NULL, '2020-06-14 00:00:00', 'Male', 'Grade 3', 'SFXSAI', 'Ychemlie', 'Continuing', 'Officially Enrolled', 'Pending', 'Unassessed', 'Albesa, Wengelyn, Batiao', '09667461953', 'Esperanza, Inopacan, Leyte', 'Albesa, Wengelyn, Batiao', '09667461953', 'Bibat, Ernest, Trigo', NULL, 'Esperanza, Inopacan, Leyte', NULL, 'St. Francis Xavier Smart Academy Inc.', '2026-06-17 04:36:53.023', '2fb5c50a-ade1-4196-896d-b1fdb921daad', NULL, NULL, '2026-06-09 14:19:02.607');
INSERT INTO public."Student" (id, "studentNo", lrn, "firstName", "middleName", "lastName", suffix, birthdate, gender, "gradeLevel", section, adviser, "studentType", "enrollmentStatus", "documentStatus", "financeStatus", guardian, "contactNo", address, "motherName", "motherContact", "fatherName", "fatherContact", "phAddress", "uaeAddress", "previousSchool", "lastUpdated", "academicYearId", "photoFileId", "photoUrl", "enrollmentSubmittedAt") VALUES ('5244dc5d-d2ee-4d26-ab1b-88c925320592', 'SFX-2026-2027-014', 'NO-LRN-SY2026-2027-9A739434', 'Jayden Kris', 'Galindez', 'Dargantes', NULL, '2022-04-08 00:00:00', 'Male', 'Nursery', 'SFXSAI', NULL, 'New', 'Officially Enrolled', 'Pending', 'With Balance', 'Galindez, Orlen May, Quintano', '09061774416', 'Esperanza, Inopacan, Leyte', 'Galindez, Orlen May, Quintano', '09061774416', 'Dargantes, Arjay, Bisnar', '09475173806', 'Esperanza, Inopacan, Leyte', NULL, 'Esperanza Child Development Center', '2026-06-17 06:55:58.704', '2fb5c50a-ade1-4196-896d-b1fdb921daad', NULL, NULL, '2026-06-09 14:19:02.607');
INSERT INTO public."Student" (id, "studentNo", lrn, "firstName", "middleName", "lastName", suffix, birthdate, gender, "gradeLevel", section, adviser, "studentType", "enrollmentStatus", "documentStatus", "financeStatus", guardian, "contactNo", address, "motherName", "motherContact", "fatherName", "fatherContact", "phAddress", "uaeAddress", "previousSchool", "lastUpdated", "academicYearId", "photoFileId", "photoUrl", "enrollmentSubmittedAt") VALUES ('c0539b60-75ab-4fc9-b941-af225fed0cf7', 'SFX-2026-2027-026', '411103250061', 'Florianne Angeli Broñola', NULL, 'Palma', NULL, '2020-11-02 00:00:00', 'Female', 'Grade 4', 'SFXSAI', 'Ychemlie', 'New', 'Officially Enrolled', 'Pending', 'Unassessed', 'Analisa Broñola', '09920165929', 'Conalum, Inopacan, Leyte', 'Analisa Broñola', NULL, 'Jerome Palma', '09920165929', 'Conalum, Inopacan, Leyte', NULL, 'SFXSA Inc.', '2026-06-17 04:36:53.023', '2fb5c50a-ade1-4196-896d-b1fdb921daad', NULL, NULL, '2026-06-09 14:19:02.607');
INSERT INTO public."Student" (id, "studentNo", lrn, "firstName", "middleName", "lastName", suffix, birthdate, gender, "gradeLevel", section, adviser, "studentType", "enrollmentStatus", "documentStatus", "financeStatus", guardian, "contactNo", address, "motherName", "motherContact", "fatherName", "fatherContact", "phAddress", "uaeAddress", "previousSchool", "lastUpdated", "academicYearId", "photoFileId", "photoUrl", "enrollmentSubmittedAt") VALUES ('474993ce-226a-4260-ba85-1492a722bf01', 'STU-2026-004', 'LRN100004', 'Student 4', NULL, 'Test', NULL, NULL, NULL, 'Grade 5', 'SFXSAI', NULL, 'Regular', 'Enrolled', 'Incomplete', 'Paid', NULL, NULL, NULL, NULL, NULL, NULL, NULL, NULL, NULL, NULL, '2026-06-17 04:36:53.023', NULL, NULL, NULL, '2026-02-08 17:20:23.791');
INSERT INTO public."Student" (id, "studentNo", lrn, "firstName", "middleName", "lastName", suffix, birthdate, gender, "gradeLevel", section, adviser, "studentType", "enrollmentStatus", "documentStatus", "financeStatus", guardian, "contactNo", address, "motherName", "motherContact", "fatherName", "fatherContact", "phAddress", "uaeAddress", "previousSchool", "lastUpdated", "academicYearId", "photoFileId", "photoUrl", "enrollmentSubmittedAt") VALUES ('f6872f25-9e5a-48e5-9e2c-79f4a2d70859', 'SFX-2026-2027-001', 'NO-LRN-SY2026-2027-918CF50E', 'Lee Brent', 'Ruado', 'Cubian', NULL, '2022-02-11 00:00:00', 'Male', 'Grade 6', 'SFXSAI', 'J Briones', 'New', 'Officially Enrolled', 'Pending', 'Unassessed', 'Ruado, Elygen, Sison', '09606527032', 'Brgy. Maljo, Inopacan, Leyte', 'Ruado, Elygen, Sison', '09606527032', 'Cubian, Hanzel Lee, Sumabong', NULL, 'Brgy. Maljo, Inopacan, Leyte', NULL, 'A', '2026-06-17 04:36:53.023', '2fb5c50a-ade1-4196-896d-b1fdb921daad', NULL, NULL, '2026-06-04 09:21:38.673');
INSERT INTO public."Student" (id, "studentNo", lrn, "firstName", "middleName", "lastName", suffix, birthdate, gender, "gradeLevel", section, adviser, "studentType", "enrollmentStatus", "documentStatus", "financeStatus", guardian, "contactNo", address, "motherName", "motherContact", "fatherName", "fatherContact", "phAddress", "uaeAddress", "previousSchool", "lastUpdated", "academicYearId", "photoFileId", "photoUrl", "enrollmentSubmittedAt") VALUES ('609d2771-86c6-4a0e-a49a-27fe671d0f60', 'SFX-2026-2027-034', '411103240007', 'Kawhai Eurus', 'Dadula', 'Precilda', NULL, '2018-11-04 00:00:00', 'Male', 'Grade 1', 'SFXSAI', 'Johnin Mae Dadula', 'Continuing', 'Officially Enrolled', 'Pending', 'With Balance', 'Violy Sanchez Dadula', '09380371137', 'Guadalupe, Inopacan, Leyte', 'Violy Sanchez Dadula', '09380371137', 'Bein Mart Labadan Precilda', NULL, 'Guadalupe, Inopacan, Leyte', NULL, 'St. Francis Xavier Smart Academy Inc.', '2026-06-17 07:11:44.555', '2fb5c50a-ade1-4196-896d-b1fdb921daad', NULL, NULL, '2026-05-26 05:14:01.845');
INSERT INTO public."Student" (id, "studentNo", lrn, "firstName", "middleName", "lastName", suffix, birthdate, gender, "gradeLevel", section, adviser, "studentType", "enrollmentStatus", "documentStatus", "financeStatus", guardian, "contactNo", address, "motherName", "motherContact", "fatherName", "fatherContact", "phAddress", "uaeAddress", "previousSchool", "lastUpdated", "academicYearId", "photoFileId", "photoUrl", "enrollmentSubmittedAt") VALUES ('a1fcb2c9-38ec-4248-a044-8c67b1b66201', 'SFX-2026-2027-002', 'NO-LRN-SY2026-2027-0BF7C0D6', 'Jean Kyrie', 'Declaro', 'Dadula', NULL, '2022-08-16 00:00:00', 'Female', 'Nursery', 'SFXSAI', 'J Briones', 'Continuing', 'Officially Enrolled', 'Pending', 'Unassessed', 'Declaro, Ana Fe, Dargantes', '09455808898', 'Brgy. Esperanza, Inopacan, Leyte', 'Declaro, Ana Fe, Dargantes', '09455808898', 'Dadula, Jee, Edillon', '09974680755', 'Brgy. Esperanza, Inopacan, Leyte', NULL, 'St. Francis Xavier Smart Academy Inc.', '2026-06-17 04:36:53.023', '2fb5c50a-ade1-4196-896d-b1fdb921daad', NULL, NULL, '2026-06-03 16:39:19.947');
INSERT INTO public."Student" (id, "studentNo", lrn, "firstName", "middleName", "lastName", suffix, birthdate, gender, "gradeLevel", section, adviser, "studentType", "enrollmentStatus", "documentStatus", "financeStatus", guardian, "contactNo", address, "motherName", "motherContact", "fatherName", "fatherContact", "phAddress", "uaeAddress", "previousSchool", "lastUpdated", "academicYearId", "photoFileId", "photoUrl", "enrollmentSubmittedAt") VALUES ('7e856f60-61d9-4eb4-85c3-5ea872ea6169', 'SFX-2026-2027-020', 'NO-LRN-SY2026-2027-BDE8476C', 'Mckinley Ezrah', 'Esperanza', 'Pelicano', NULL, '2021-05-04 00:00:00', 'Male', 'Kinder', 'SFXSAI', NULL, 'Continuing', 'Officially Enrolled', 'Pending', 'Unassessed', 'Merari Amarille Esperanza', '09918030910', 'Conalum, Inopacan, Leyte', 'Merari Amarille Esperanza', '09912475861', 'Israel Dadula Pelicano', '09918030910', 'Conalum, Inopacan, Leyte', NULL, 'St. Francis Xavier Smart Academy Inc.', '2026-06-17 04:36:53.023', '2fb5c50a-ade1-4196-896d-b1fdb921daad', NULL, NULL, '2026-06-05 05:02:13.214');
INSERT INTO public."Student" (id, "studentNo", lrn, "firstName", "middleName", "lastName", suffix, birthdate, gender, "gradeLevel", section, adviser, "studentType", "enrollmentStatus", "documentStatus", "financeStatus", guardian, "contactNo", address, "motherName", "motherContact", "fatherName", "fatherContact", "phAddress", "uaeAddress", "previousSchool", "lastUpdated", "academicYearId", "photoFileId", "photoUrl", "enrollmentSubmittedAt") VALUES ('2f02c89b-faf0-4f0e-8b9e-a53d2a3e0577', 'SFX-2026-2027-027', '411103250004', 'Gwyn Xavienna Sual', NULL, 'Molato', NULL, '2020-07-15 00:00:00', 'Female', 'Grade 2', 'SFXSAI', 'Ychemlie', 'Continuing', 'Officially Enrolled', 'Pending', 'Unassessed', 'Ronalyn Banculo Sual', '09946291192', 'Jubasan, Inopacan, Leyte', 'Ronalyn Banculo Sual', '09946291192', 'John Mark Bisnar Molato', '09944071611', 'Jubasan, Inopacan, Leyte', NULL, 'St. Francis Xavier Smart Academy Inc.', '2026-06-17 04:36:53.023', '2fb5c50a-ade1-4196-896d-b1fdb921daad', NULL, NULL, '2026-05-18 07:04:18.14');
INSERT INTO public."Student" (id, "studentNo", lrn, "firstName", "middleName", "lastName", suffix, birthdate, gender, "gradeLevel", section, adviser, "studentType", "enrollmentStatus", "documentStatus", "financeStatus", guardian, "contactNo", address, "motherName", "motherContact", "fatherName", "fatherContact", "phAddress", "uaeAddress", "previousSchool", "lastUpdated", "academicYearId", "photoFileId", "photoUrl", "enrollmentSubmittedAt") VALUES ('bd87953a-bb72-4ab5-920a-13f6eab63d74', 'SFX-2026-2027-012', 'NO-LRN-SY2026-2027-A6FED864', 'Ezrah', 'Corpez', 'Arroyo', NULL, '2021-10-31 00:00:00', 'Female', 'Grade 3', 'SFXSAI', NULL, 'Continuing', 'Officially Enrolled', 'Pending', 'Unassessed', 'Erma Pesaña Corpez', '09913832281', 'Tahud, Inopacan ,Leyte', 'Erma Pesaña Corpez', '09913832281', 'Richard Saldivar Arroyo', '09913832281', 'Tahud, Inopacan ,Leyte', NULL, 'St. Francis Xavier Smart Academy Inc.', '2026-06-17 04:36:53.023', '2fb5c50a-ade1-4196-896d-b1fdb921daad', NULL, NULL, '2026-06-05 05:07:01.552');
INSERT INTO public."Student" (id, "studentNo", lrn, "firstName", "middleName", "lastName", suffix, birthdate, gender, "gradeLevel", section, adviser, "studentType", "enrollmentStatus", "documentStatus", "financeStatus", guardian, "contactNo", address, "motherName", "motherContact", "fatherName", "fatherContact", "phAddress", "uaeAddress", "previousSchool", "lastUpdated", "academicYearId", "photoFileId", "photoUrl", "enrollmentSubmittedAt") VALUES ('653d4c26-df1d-48c2-871e-304fcf4ba5ef', 'SFX-2026-2027-042', '451503230012', 'Johnna Merin Lagaran', NULL, 'Luna', NULL, '2018-11-01 00:00:00', 'Female', 'Grade 4', 'SFXSAI', 'Melody Dawn Dadios / Shaylene', 'Continuing', 'Officially Enrolled', 'Pending', 'Unassessed', 'Bernadeth Redona Lagaran', '09552188718', 'Conalum, Inopacan, Leyte', 'Bernadeth Redona Lagaran', '09552188718', 'ReyJohn  Baclayon Luna', '09552188718', 'Conalum, Inopacan, Leyte', NULL, 'St. Francis Xavier Smart Academy Inc.', '2026-06-17 04:36:53.023', '2fb5c50a-ade1-4196-896d-b1fdb921daad', NULL, NULL, '2026-06-02 10:15:11.096');
INSERT INTO public."Student" (id, "studentNo", lrn, "firstName", "middleName", "lastName", suffix, birthdate, gender, "gradeLevel", section, adviser, "studentType", "enrollmentStatus", "documentStatus", "financeStatus", guardian, "contactNo", address, "motherName", "motherContact", "fatherName", "fatherContact", "phAddress", "uaeAddress", "previousSchool", "lastUpdated", "academicYearId", "photoFileId", "photoUrl", "enrollmentSubmittedAt") VALUES ('25c0319d-87d5-42b0-9a5d-93c4dea2e592', 'SFX-2026-2027-050', '121428220001', 'Hermes Clyd', 'Laroa', 'Compendio', NULL, '2017-04-28 00:00:00', 'Male', 'Grade 5', 'SFXSAI', NULL, 'Continuing', 'Officially Enrolled', 'Pending', 'Unassessed', 'Laroa, Dearly, Ebasan', '09196184231', 'Brgy. Jubasan, Inopacan, Leyte', 'Laroa, Dearly, Ebasan', '09196184231', 'Compendio, Ronel, Polistico', NULL, 'Brgy. Jubasan, Inopacan, Leyte', NULL, 'St. Francis Xavier Smart Academy Inc.', '2026-06-17 04:36:53.023', '2fb5c50a-ade1-4196-896d-b1fdb921daad', NULL, NULL, '2026-06-04 09:22:37.797');
INSERT INTO public."Student" (id, "studentNo", lrn, "firstName", "middleName", "lastName", suffix, birthdate, gender, "gradeLevel", section, adviser, "studentType", "enrollmentStatus", "documentStatus", "financeStatus", guardian, "contactNo", address, "motherName", "motherContact", "fatherName", "fatherContact", "phAddress", "uaeAddress", "previousSchool", "lastUpdated", "academicYearId", "photoFileId", "photoUrl", "enrollmentSubmittedAt") VALUES ('063deb32-8b89-4e0e-acf4-b62d4881c276', 'SFX-2026-2027-051', '121420220026', 'Janelle Isabel', 'Galo', 'Dadula', NULL, '2016-03-23 00:00:00', 'Female', 'Grade 6', 'SFXSAI', NULL, 'Continuing', 'Officially Enrolled', 'Pending', 'Unassessed', 'Galo, Emily, Dalagan', '09269603055', 'Conalum, Inopacan, Leyte', 'Galo, Emily, Dalagan', '09269603055', 'Dadula, Johnny Boy, Ledama', NULL, 'Conalum, Inopacan, Leyte', NULL, 'St. Francis Xavier Smart Academy Inc.', '2026-06-17 04:36:53.023', '2fb5c50a-ade1-4196-896d-b1fdb921daad', NULL, NULL, '2026-06-09 14:19:02.607');
INSERT INTO public."Student" (id, "studentNo", lrn, "firstName", "middleName", "lastName", suffix, birthdate, gender, "gradeLevel", section, adviser, "studentType", "enrollmentStatus", "documentStatus", "financeStatus", guardian, "contactNo", address, "motherName", "motherContact", "fatherName", "fatherContact", "phAddress", "uaeAddress", "previousSchool", "lastUpdated", "academicYearId", "photoFileId", "photoUrl", "enrollmentSubmittedAt") VALUES ('6fb4a553-66f8-4a08-95f9-a2ea0ed91f3f', 'SFX-2026-2027-052', '121426210007', 'Maria Musica', 'Sumabong', 'Hirang', NULL, '2016-06-01 00:00:00', 'Female', 'Nursery', 'SFXSAI', NULL, 'Continuing', 'Officially Enrolled', 'Pending', 'Unassessed', 'Sumabong, Rachel Quiboy', '09077322403', 'Linao, Inopacan, Leyte', 'Sumabong, Rachel Quiboy', '09077322403', 'Hirang, Manolo Tañada Junior', '09662543130', 'Linao, Inopacan, Leyte', NULL, 'St. Francis Xavier Smart Academy Inc.', '2026-06-17 04:36:53.023', '2fb5c50a-ade1-4196-896d-b1fdb921daad', NULL, NULL, '2026-05-29 08:41:33.772');
INSERT INTO public."Student" (id, "studentNo", lrn, "firstName", "middleName", "lastName", suffix, birthdate, gender, "gradeLevel", section, adviser, "studentType", "enrollmentStatus", "documentStatus", "financeStatus", guardian, "contactNo", address, "motherName", "motherContact", "fatherName", "fatherContact", "phAddress", "uaeAddress", "previousSchool", "lastUpdated", "academicYearId", "photoFileId", "photoUrl", "enrollmentSubmittedAt") VALUES ('81b203a2-209e-4304-8ef4-37b0e1256704', 'SFX-2026-2027-053', '121422220025', 'Stefie Andrea', 'Polistico', 'Pingal', NULL, '2017-07-01 00:00:00', 'Female', 'Kinder', 'SFXSAI', NULL, 'New', 'Officially Enrolled', 'Pending', 'Unassessed', 'Rowena Lordan Polistico', '09928341732', 'Esperanza, Inopacan, Leyte', 'Rowena Lordan Polistico', '09928341732', 'Phernel M. Pingan', '09936475738', 'Esperanza, Inopacan, Leyte', NULL, 'Esperanza Elementary School', '2026-06-17 04:36:53.023', '2fb5c50a-ade1-4196-896d-b1fdb921daad', NULL, NULL, '2026-06-01 05:09:24.372');
INSERT INTO public."Student" (id, "studentNo", lrn, "firstName", "middleName", "lastName", suffix, birthdate, gender, "gradeLevel", section, adviser, "studentType", "enrollmentStatus", "documentStatus", "financeStatus", guardian, "contactNo", address, "motherName", "motherContact", "fatherName", "fatherContact", "phAddress", "uaeAddress", "previousSchool", "lastUpdated", "academicYearId", "photoFileId", "photoUrl", "enrollmentSubmittedAt") VALUES ('023ff5e7-2b31-4267-8e83-d35ebe7d7da2', 'SFX-2026-2027-029', 'NO-LRN-SY2026-2027-D78062B5', 'Kol Angelo', 'Agravante', 'Sanchez', NULL, '2019-12-11 00:00:00', 'Male', 'Grade 1', 'SFXSAI', 'Ychemlie', 'New', 'Officially Enrolled', 'Pending', 'Unassessed', 'Louella Reposar Agravante', '09120542315', 'Tinago, Inopacan, Leyte', 'Louella Reposar Agravante', '09120542315', 'Michael Polpol Sanchez', '09120542315', 'Tinago, Inopacan, Leyte', NULL, 'Inopacan Central Elementary School', '2026-06-17 04:36:53.023', '2fb5c50a-ade1-4196-896d-b1fdb921daad', NULL, NULL, '2026-06-04 16:08:43.12');
INSERT INTO public."Student" (id, "studentNo", lrn, "firstName", "middleName", "lastName", suffix, birthdate, gender, "gradeLevel", section, adviser, "studentType", "enrollmentStatus", "documentStatus", "financeStatus", guardian, "contactNo", address, "motherName", "motherContact", "fatherName", "fatherContact", "phAddress", "uaeAddress", "previousSchool", "lastUpdated", "academicYearId", "photoFileId", "photoUrl", "enrollmentSubmittedAt") VALUES ('535ee38f-2e62-4026-bf3e-206d56a430c9', 'STU-2026-006', 'LRN100006', 'Student 6', NULL, 'Test', NULL, NULL, NULL, 'Grade 2', 'SFXSAI', NULL, 'Regular', 'Withdrawn', 'Incomplete', 'Paid', NULL, NULL, NULL, NULL, NULL, NULL, NULL, NULL, NULL, NULL, '2026-06-17 04:36:53.023', NULL, NULL, NULL, '2026-06-04 17:20:23.981');
INSERT INTO public."Student" (id, "studentNo", lrn, "firstName", "middleName", "lastName", suffix, birthdate, gender, "gradeLevel", section, adviser, "studentType", "enrollmentStatus", "documentStatus", "financeStatus", guardian, "contactNo", address, "motherName", "motherContact", "fatherName", "fatherContact", "phAddress", "uaeAddress", "previousSchool", "lastUpdated", "academicYearId", "photoFileId", "photoUrl", "enrollmentSubmittedAt") VALUES ('8621d6b3-ed02-4386-b4f0-59c86cff9b24', 'SFX-26-0069-69', '121422230029', 'Arah Ellianna', 'Antona', 'Estelemera', NULL, '2018-06-29 00:00:00', 'Female', 'Grade 3', 'SFXSAI', NULL, 'Learner', 'Officially Enrolled', 'Complete', 'Unassessed', NULL, '09564356206', 'Guadalupe, Inopacan, Leyte', 'Analie Pactoran Antona', '09564356206', 'Ronie Dotollo Estelemera', '', 'Guadalupe, Inopacan, Leyte', NULL, 'St. Francis Xavier Smart Academy Inc.', '2026-06-17 04:36:53.023', '2fb5c50a-ade1-4196-896d-b1fdb921daad', NULL, NULL, '2026-06-15 11:11:00');
INSERT INTO public."Student" (id, "studentNo", lrn, "firstName", "middleName", "lastName", suffix, birthdate, gender, "gradeLevel", section, adviser, "studentType", "enrollmentStatus", "documentStatus", "financeStatus", guardian, "contactNo", address, "motherName", "motherContact", "fatherName", "fatherContact", "phAddress", "uaeAddress", "previousSchool", "lastUpdated", "academicYearId", "photoFileId", "photoUrl", "enrollmentSubmittedAt") VALUES ('2fd8d88c-4826-484b-897e-999665fb9622', 'SFX-26-0070-562', 'NUR-765778', 'Almera Hope', 'Alvarez', 'Apellanes', NULL, '2021-12-16 00:00:00', 'Female', 'Grade 4', 'SFXSAI', NULL, 'Learner', 'Officially Enrolled', 'Complete', 'Unassessed', NULL, '0964958944', 'Conalum, Inopacan, Leyte', 'Lea Seco Alvarez', '0964958944', 'Vencent Mejia Apellanes', '', 'Conalum, Inopacan, Leyte', NULL, 'St. Francis Xavier Smart Academy Inc.', '2026-06-17 04:36:53.023', '2fb5c50a-ade1-4196-896d-b1fdb921daad', NULL, NULL, '2026-06-15 11:15:00');
INSERT INTO public."Student" (id, "studentNo", lrn, "firstName", "middleName", "lastName", suffix, birthdate, gender, "gradeLevel", section, adviser, "studentType", "enrollmentStatus", "documentStatus", "financeStatus", guardian, "contactNo", address, "motherName", "motherContact", "fatherName", "fatherContact", "phAddress", "uaeAddress", "previousSchool", "lastUpdated", "academicYearId", "photoFileId", "photoUrl", "enrollmentSubmittedAt") VALUES ('7361d95c-c030-4e85-ad7b-6d1352c40df9', 'SFX-2026-2027-036', '121420240017', 'Stephanie Kate', NULL, 'Dadula', NULL, '2018-11-23 00:00:00', 'Female', 'Grade 5', 'SFXSAI', 'Johnin Mae Dadula', 'Continuing', 'Officially Enrolled', 'Pending', 'Unassessed', 'Scarlit Mejia Dadula', '09949331596', 'Conalum, Inopacan, Leyte', 'Scarlit Mejia Dadula', '09949331596', 'Junrey Monjas', '09949331596', 'Conalum, Inopacan, Leyte', NULL, 'St. Francis Xavier Smart Academy Inc.', '2026-06-17 04:36:53.023', '2fb5c50a-ade1-4196-896d-b1fdb921daad', NULL, NULL, '2026-06-02 10:14:43.043');
INSERT INTO public."Student" (id, "studentNo", lrn, "firstName", "middleName", "lastName", suffix, birthdate, gender, "gradeLevel", section, adviser, "studentType", "enrollmentStatus", "documentStatus", "financeStatus", guardian, "contactNo", address, "motherName", "motherContact", "fatherName", "fatherContact", "phAddress", "uaeAddress", "previousSchool", "lastUpdated", "academicYearId", "photoFileId", "photoUrl", "enrollmentSubmittedAt") VALUES ('ff53d318-0a4f-48f4-9b03-1374279dd156', 'SFX-2026-2027-037', 'NO-LRN-2026-2027-G3-0BB7D45FB0', 'Adam Grefelmar Quibel', NULL, 'Baliong', NULL, '2018-05-22 00:00:00', 'Female', 'Grade 6', 'SFXSAI', 'Melody Dawn Dadios / Shaylene', 'Continuing', 'Officially Enrolled', 'Pending', 'Unassessed', 'Carin Redoña Quibel', '09627101021', 'Sition Cagbolo, Brgy. Conalum Inopacan, Leyte', 'Carin Redoña Quibel', '09627101021', 'Mario G. Baliong', '09956440928', 'Sition Cagbolo, Brgy. Conalum Inopacan, Leyte', NULL, 'St. Francis Xavier Smart Academy Inc.', '2026-06-17 04:36:53.023', '2fb5c50a-ade1-4196-896d-b1fdb921daad', NULL, NULL, '2026-05-21 08:02:46.755');
INSERT INTO public."Student" (id, "studentNo", lrn, "firstName", "middleName", "lastName", suffix, birthdate, gender, "gradeLevel", section, adviser, "studentType", "enrollmentStatus", "documentStatus", "financeStatus", guardian, "contactNo", address, "motherName", "motherContact", "fatherName", "fatherContact", "phAddress", "uaeAddress", "previousSchool", "lastUpdated", "academicYearId", "photoFileId", "photoUrl", "enrollmentSubmittedAt") VALUES ('09183c6d-69de-4443-9495-ab32d0007c81', 'SFX-2026-2027-011', 'NO-LRN-2026-2027-L2-FAC86BBE4D', 'Aamir Quibel', NULL, 'Baliong', NULL, '2022-01-28 00:00:00', 'Male', 'Nursery', 'SFXSAI', NULL, 'Continuing', 'Officially Enrolled', 'Pending', 'Unassessed', 'Carin Redoña Quibel', '09627101021', 'Sitio Cagbolo, Brgy. Conalum, Inopacan, Leyte', 'Carin Redoña Quibel', '09627101021', 'Mario G. Baliong', '09956440928', 'Sitio Cagbolo, Brgy. Conalum, Inopacan, Leyte', NULL, 'St. Francis Xavier Smart Academy Inc.', '2026-06-17 04:36:53.023', '2fb5c50a-ade1-4196-896d-b1fdb921daad', NULL, NULL, '2026-05-21 08:02:46.755');
INSERT INTO public."Student" (id, "studentNo", lrn, "firstName", "middleName", "lastName", suffix, birthdate, gender, "gradeLevel", section, adviser, "studentType", "enrollmentStatus", "documentStatus", "financeStatus", guardian, "contactNo", address, "motherName", "motherContact", "fatherName", "fatherContact", "phAddress", "uaeAddress", "previousSchool", "lastUpdated", "academicYearId", "photoFileId", "photoUrl", "enrollmentSubmittedAt") VALUES ('a37f9137-443c-4156-be0c-735db789c056', 'SFX-2026-2027-017', 'NO-LRN-SY2026-2027-1264491F', 'Miel Tavin', 'Vendavil', 'Gudmaling', NULL, '2021-10-04 00:00:00', 'Male', 'Kinder', 'SFXSAI', NULL, 'Continuing', 'Officially Enrolled', 'Pending', 'Unassessed', 'Vendavil, Tharajy', '09380051621', 'Conalum, Inopacan, Leyte', 'Vendavil, Tharajy', '09380051621', 'Gudmaling, Milo Jr., L.', NULL, 'Conalum, Inopacan, Leyte', NULL, 'St. Francis Xavier Smart Academy Inc.', '2026-06-17 04:36:53.023', '2fb5c50a-ade1-4196-896d-b1fdb921daad', NULL, NULL, '2026-06-10 20:00:00');
INSERT INTO public."Student" (id, "studentNo", lrn, "firstName", "middleName", "lastName", suffix, birthdate, gender, "gradeLevel", section, adviser, "studentType", "enrollmentStatus", "documentStatus", "financeStatus", guardian, "contactNo", address, "motherName", "motherContact", "fatherName", "fatherContact", "phAddress", "uaeAddress", "previousSchool", "lastUpdated", "academicYearId", "photoFileId", "photoUrl", "enrollmentSubmittedAt") VALUES ('b962e9b0-323b-4b8b-92cd-133fb814602e', 'STU-2026-007', 'LRN100007', 'Student 7', NULL, 'Test', NULL, NULL, NULL, 'Grade 1', 'SFXSAI', NULL, 'Regular', 'Enrolled', 'Incomplete', 'Paid', NULL, NULL, NULL, NULL, NULL, NULL, NULL, NULL, NULL, NULL, '2026-06-17 04:36:53.023', NULL, NULL, NULL, '2026-05-02 17:20:24.076');
INSERT INTO public."Student" (id, "studentNo", lrn, "firstName", "middleName", "lastName", suffix, birthdate, gender, "gradeLevel", section, adviser, "studentType", "enrollmentStatus", "documentStatus", "financeStatus", guardian, "contactNo", address, "motherName", "motherContact", "fatherName", "fatherContact", "phAddress", "uaeAddress", "previousSchool", "lastUpdated", "academicYearId", "photoFileId", "photoUrl", "enrollmentSubmittedAt") VALUES ('b66d355e-0ff5-493d-86e3-a2552849865c', 'STU-2026-008', 'LRN100008', 'Student 8', NULL, 'Test', NULL, NULL, NULL, 'Grade 2', 'SFXSAI', NULL, 'Regular', 'Enrolled', 'Incomplete', 'Paid', NULL, NULL, NULL, NULL, NULL, NULL, NULL, NULL, NULL, NULL, '2026-06-17 04:36:53.023', NULL, NULL, NULL, '2026-03-31 17:20:24.171');
INSERT INTO public."Student" (id, "studentNo", lrn, "firstName", "middleName", "lastName", suffix, birthdate, gender, "gradeLevel", section, adviser, "studentType", "enrollmentStatus", "documentStatus", "financeStatus", guardian, "contactNo", address, "motherName", "motherContact", "fatherName", "fatherContact", "phAddress", "uaeAddress", "previousSchool", "lastUpdated", "academicYearId", "photoFileId", "photoUrl", "enrollmentSubmittedAt") VALUES ('a6bdec7a-9d28-433b-a1f9-c48d2e99da6e', 'SFX-2026-2027-062', '404677190003', 'John', 'Edward', 'Bargamento', NULL, '2013-10-14 00:00:00', 'Male', 'Grade 3', 'SFXSAI', 'Casandra Dante', 'New', 'Officially Enrolled', 'Pending', 'Unassessed', 'Erika Bibat Bargamento', '09706943918', 'Jubasan, Inopacan, Leyte', 'Erika Bibat Bargamento', '09706943918', 'N/A', '09706943918', 'Jubasan, Inopacan, Leyte', NULL, 'Franciscan College of the Immaculate Conception', '2026-06-17 04:36:53.023', '2fb5c50a-ade1-4196-896d-b1fdb921daad', NULL, NULL, '2026-06-05 05:07:19.03');
INSERT INTO public."Student" (id, "studentNo", lrn, "firstName", "middleName", "lastName", suffix, birthdate, gender, "gradeLevel", section, adviser, "studentType", "enrollmentStatus", "documentStatus", "financeStatus", guardian, "contactNo", address, "motherName", "motherContact", "fatherName", "fatherContact", "phAddress", "uaeAddress", "previousSchool", "lastUpdated", "academicYearId", "photoFileId", "photoUrl", "enrollmentSubmittedAt") VALUES ('641fd270-7859-42d6-8952-14dfcb7d2721', 'SFX-2026-2027-048', '404677230005', 'Fergian', 'Calixtro', 'Salazar', NULL, '2018-07-28 00:00:00', 'Female', 'Grade 4', 'SFXSAI', 'Melody Dawn Dadios / Shaylene', 'New', 'Officially Enrolled', 'Pending', 'Unassessed', 'Calixtro, Gina, Añonuevo', '09925347388', 'Brgy. Guadalupe, Inopacan, Leyte', 'Calixtro, Gina, Añonuevo', '09925347388', 'Salazar, Ferdinand, Bunda', '09610911584', 'Brgy. Guadalupe, Inopacan, Leyte', NULL, 'Inopacan Parish Academy Inc.', '2026-06-17 04:36:53.023', '2fb5c50a-ade1-4196-896d-b1fdb921daad', NULL, NULL, '2026-06-03 16:40:22.002');
INSERT INTO public."Student" (id, "studentNo", lrn, "firstName", "middleName", "lastName", suffix, birthdate, gender, "gradeLevel", section, adviser, "studentType", "enrollmentStatus", "documentStatus", "financeStatus", guardian, "contactNo", address, "motherName", "motherContact", "fatherName", "fatherContact", "phAddress", "uaeAddress", "previousSchool", "lastUpdated", "academicYearId", "photoFileId", "photoUrl", "enrollmentSubmittedAt") VALUES ('6977ab92-8741-42b2-88da-7894f78e8ba3', 'SFX-2026-2027-069', 'NO-LRN-SY2026-2027-656D7077', 'Arnel John U.', NULL, 'Mejia', NULL, '2005-06-03 00:00:00', 'Male', 'Grade 5', 'SFXSAI', NULL, 'New', 'Officially Enrolled', 'Pending', 'Unassessed', 'Aivie Balugo Umantod', '09924334023', 'Conalum, Inopacan, Leyte', 'Aivie Balugo Umantod', '09924334023', 'Arnel Sumaylo Mejia', '09924334023', 'Conalum, Inopacan, Leyte', NULL, 'Conalum National Highschool', '2026-06-17 04:36:53.023', '2fb5c50a-ade1-4196-896d-b1fdb921daad', NULL, NULL, '2026-06-01 05:10:22.604');
INSERT INTO public."Student" (id, "studentNo", lrn, "firstName", "middleName", "lastName", suffix, birthdate, gender, "gradeLevel", section, adviser, "studentType", "enrollmentStatus", "documentStatus", "financeStatus", guardian, "contactNo", address, "motherName", "motherContact", "fatherName", "fatherContact", "phAddress", "uaeAddress", "previousSchool", "lastUpdated", "academicYearId", "photoFileId", "photoUrl", "enrollmentSubmittedAt") VALUES ('3594934b-a63b-4122-bec7-ed8896ae774e', 'SFX-2026-2027-067', '121423170005', 'Christian', 'Añonuevo', 'Casilagan', NULL, '2012-03-07 00:00:00', 'Male', 'Grade 6', 'SFXSAI', 'Syrah Ababat', 'New', 'Officially Enrolled', 'Pending', 'Unassessed', 'Irene Pelesco Añonuevo', '09944018917', 'Guadalupe, Inopacan, Leyte', 'Irene Pelesco Añonuevo', '09944018917', 'Dhebie Yude Casilagan', '09944018917', 'Guadalupe, Inopacan, Leyte', NULL, 'Plaridel National High School', '2026-06-17 04:36:53.023', '2fb5c50a-ade1-4196-896d-b1fdb921daad', NULL, NULL, '2026-06-05 05:05:48.397');
INSERT INTO public."Student" (id, "studentNo", lrn, "firstName", "middleName", "lastName", suffix, birthdate, gender, "gradeLevel", section, adviser, "studentType", "enrollmentStatus", "documentStatus", "financeStatus", guardian, "contactNo", address, "motherName", "motherContact", "fatherName", "fatherContact", "phAddress", "uaeAddress", "previousSchool", "lastUpdated", "academicYearId", "photoFileId", "photoUrl", "enrollmentSubmittedAt") VALUES ('715d6113-32be-4a58-9e3d-044cc0c038c0', 'SFX-2026-2027-033', 'NO-LRN-SY2026-2027-43FC657A', 'Nathan', 'Cabintoy', 'Dasalla', NULL, '2019-10-23 00:00:00', 'Male', 'Nursery', 'SFXSAI', 'Johnin Mae Dadula', 'New', 'Officially Enrolled', 'Pending', 'Unassessed', 'Mirabel Yuson Cabintoy', NULL, 'Conalum, Inopacan, Leyte', 'Mirabel Yuson Cabintoy', NULL, 'Jonathan Dasalla', NULL, 'Conalum, Inopacan, Leyte', NULL, 'SFXSA Inc.', '2026-06-17 04:36:53.023', '2fb5c50a-ade1-4196-896d-b1fdb921daad', NULL, NULL, '2026-06-02 10:16:06.895');
INSERT INTO public."Student" (id, "studentNo", lrn, "firstName", "middleName", "lastName", suffix, birthdate, gender, "gradeLevel", section, adviser, "studentType", "enrollmentStatus", "documentStatus", "financeStatus", guardian, "contactNo", address, "motherName", "motherContact", "fatherName", "fatherContact", "phAddress", "uaeAddress", "previousSchool", "lastUpdated", "academicYearId", "photoFileId", "photoUrl", "enrollmentSubmittedAt") VALUES ('d13fac00-25cb-4e93-ace8-88664dda95bd', 'SFX-2026-2027-035', '411103240002', 'Ea Rae', 'Luzon', 'Projo', NULL, '2019-03-26 00:00:00', 'Female', 'Kinder', 'SFXSAI', 'Johnin Mae Dadula', 'Continuing', 'Officially Enrolled', 'Pending', 'Unassessed', 'Luzon, Emelyn, Garcia', '09606532721', 'Conalum, Inopacan, Leyte', 'Luzon, Emelyn, Garcia', '09606532721', 'Projo, Ramy', NULL, 'Conalum, Inopacan, Leyte', NULL, 'St. Francis Xavier Smart Academy Inc.', '2026-06-17 04:36:53.023', '2fb5c50a-ade1-4196-896d-b1fdb921daad', NULL, NULL, '2026-06-10 20:00:00');
INSERT INTO public."Student" (id, "studentNo", lrn, "firstName", "middleName", "lastName", suffix, birthdate, gender, "gradeLevel", section, adviser, "studentType", "enrollmentStatus", "documentStatus", "financeStatus", guardian, "contactNo", address, "motherName", "motherContact", "fatherName", "fatherContact", "phAddress", "uaeAddress", "previousSchool", "lastUpdated", "academicYearId", "photoFileId", "photoUrl", "enrollmentSubmittedAt") VALUES ('b170350b-7e6a-4d46-aeaa-2193a19aaa18', 'SFX-2026-2027-004', 'NO-LRN-SY2026-2027-BFCCB0E6', 'Austin Levi', 'Abella', 'Lagario', NULL, '2023-03-08 00:00:00', 'Male', 'Grade 1', 'SFXSAI', 'J Briones', 'New', 'Officially Enrolled', 'Pending', 'Unassessed', 'Abella, Nancy Clyte Modina', '09178831434', 'Tao-Taon, Inopacan, Leyte', 'Abella, Nancy Clyte Modina', '09178831434', 'Lagario, Marr Vic Philip, Golong', NULL, 'Tao-Taon, Inopacan, Leyte', NULL, NULL, '2026-06-17 04:36:53.023', '2fb5c50a-ade1-4196-896d-b1fdb921daad', NULL, NULL, '2026-06-09 14:19:02.607');
INSERT INTO public."Student" (id, "studentNo", lrn, "firstName", "middleName", "lastName", suffix, birthdate, gender, "gradeLevel", section, adviser, "studentType", "enrollmentStatus", "documentStatus", "financeStatus", guardian, "contactNo", address, "motherName", "motherContact", "fatherName", "fatherContact", "phAddress", "uaeAddress", "previousSchool", "lastUpdated", "academicYearId", "photoFileId", "photoUrl", "enrollmentSubmittedAt") VALUES ('9f00f169-0d39-4b08-8274-863ed604d096', 'SFX-2026-2027-005', 'NO-LRN-SY2026-2027-244785F4', 'Kyrztan Mark', 'Legista', 'Llemit', NULL, '2023-06-04 00:00:00', 'Male', 'Grade 2', 'SFXSAI', 'J Briones', 'New', 'Officially Enrolled', 'Pending', 'Unassessed', 'Legista, Kristine, Cael', '09926797780', 'Conalum, Inopacan, Leyte', 'Legista, Kristine, Cael', '09926797780', 'Llemit, Mark Lester, Suganob', NULL, 'Conalum, Inopacan, Leyte', NULL, NULL, '2026-06-17 04:36:53.023', '2fb5c50a-ade1-4196-896d-b1fdb921daad', NULL, NULL, '2026-06-10 20:00:00');
INSERT INTO public."Student" (id, "studentNo", lrn, "firstName", "middleName", "lastName", suffix, birthdate, gender, "gradeLevel", section, adviser, "studentType", "enrollmentStatus", "documentStatus", "financeStatus", guardian, "contactNo", address, "motherName", "motherContact", "fatherName", "fatherContact", "phAddress", "uaeAddress", "previousSchool", "lastUpdated", "academicYearId", "photoFileId", "photoUrl", "enrollmentSubmittedAt") VALUES ('f37b6f7f-2dca-4ef5-b4e0-67a5cdd1e8a3', 'SFX-2026-2027-006', 'NO-LRN-SY2026-2027-08ABA412', 'Lance', 'Polistico', 'Pingal', NULL, '2022-04-17 00:00:00', 'Male', 'Grade 3', 'SFXSAI', 'J Briones', 'New', 'Officially Enrolled', 'Pending', 'Unassessed', 'Polistico, Rowena, Lordan', '09928341732', 'Brgy. Esperanza, Inopacan, Leyte', 'Polistico, Rowena, Lordan', '09928341732', 'Pingal, Phernel, Mendol', NULL, 'Brgy. Esperanza, Inopacan, Leyte', NULL, NULL, '2026-06-17 04:36:53.023', '2fb5c50a-ade1-4196-896d-b1fdb921daad', NULL, NULL, '2026-06-03 16:37:44.026');
INSERT INTO public."Student" (id, "studentNo", lrn, "firstName", "middleName", "lastName", suffix, birthdate, gender, "gradeLevel", section, adviser, "studentType", "enrollmentStatus", "documentStatus", "financeStatus", guardian, "contactNo", address, "motherName", "motherContact", "fatherName", "fatherContact", "phAddress", "uaeAddress", "previousSchool", "lastUpdated", "academicYearId", "photoFileId", "photoUrl", "enrollmentSubmittedAt") VALUES ('2515fb64-2e29-4543-847e-9e1bc661d984', 'SFX-2026-2027-049', '121422230031', 'Alexa', '-', 'Suaring', NULL, '2017-11-08 00:00:00', 'Female', 'Grade 4', 'SFXSAI', 'Melody Dawn Dadios / Shaylene', 'Continuing', 'Officially Enrolled', 'Pending', 'Unassessed', 'Suaring, Judith, Burlas', '09947251022', 'Esperanza, Inopacan, Leyte', 'Suaring, Judith, Burlas', '09947251022', NULL, NULL, 'Esperanza, Inopacan, Leyte', NULL, 'St. Francis Xavier Smart Academy Inc.', '2026-06-17 04:36:53.023', '2fb5c50a-ade1-4196-896d-b1fdb921daad', NULL, NULL, '2026-06-10 20:00:00');
INSERT INTO public."Student" (id, "studentNo", lrn, "firstName", "middleName", "lastName", suffix, birthdate, gender, "gradeLevel", section, adviser, "studentType", "enrollmentStatus", "documentStatus", "financeStatus", guardian, "contactNo", address, "motherName", "motherContact", "fatherName", "fatherContact", "phAddress", "uaeAddress", "previousSchool", "lastUpdated", "academicYearId", "photoFileId", "photoUrl", "enrollmentSubmittedAt") VALUES ('d5482c99-09d4-4b92-8e66-ef49264b5894', 'SFX-2026-2027-043', '121125230040', 'Nelson Zie Pelicano', NULL, 'Plaza', NULL, '2018-04-17 00:00:00', 'Male', 'Grade 5', 'SFXSAI', 'Melody Dawn Dadios / Shaylene', 'Continuing', 'Officially Enrolled', 'Pending', 'Unassessed', 'Jona Arnilla Pelicano', '09389264664', 'Plaridel, Baybay, Leyte', 'Jona Arnilla Pelicano', '09389264664', 'Jayson Dadula Plaza', '09389264664', 'Plaridel, Baybay, Leyte', NULL, 'St. Francis Xavier Smart Academy Inc.', '2026-06-17 04:36:53.023', '2fb5c50a-ade1-4196-896d-b1fdb921daad', NULL, NULL, '2026-06-02 10:15:32.788');
INSERT INTO public."Student" (id, "studentNo", lrn, "firstName", "middleName", "lastName", suffix, birthdate, gender, "gradeLevel", section, adviser, "studentType", "enrollmentStatus", "documentStatus", "financeStatus", guardian, "contactNo", address, "motherName", "motherContact", "fatherName", "fatherContact", "phAddress", "uaeAddress", "previousSchool", "lastUpdated", "academicYearId", "photoFileId", "photoUrl", "enrollmentSubmittedAt") VALUES ('30f32460-8cb9-48ce-b707-4a12ce1c539c', 'STU-2026-009', 'LRN100009', 'Student 9', NULL, 'Test', NULL, NULL, NULL, 'Grade 6', 'SFXSAI', NULL, 'Regular', 'Enrolled', 'Incomplete', 'Paid', NULL, NULL, NULL, NULL, NULL, NULL, NULL, NULL, NULL, NULL, '2026-06-17 04:36:53.023', NULL, NULL, NULL, '2026-02-26 17:20:24.266');
INSERT INTO public."Student" (id, "studentNo", lrn, "firstName", "middleName", "lastName", suffix, birthdate, gender, "gradeLevel", section, adviser, "studentType", "enrollmentStatus", "documentStatus", "financeStatus", guardian, "contactNo", address, "motherName", "motherContact", "fatherName", "fatherContact", "phAddress", "uaeAddress", "previousSchool", "lastUpdated", "academicYearId", "photoFileId", "photoUrl", "enrollmentSubmittedAt") VALUES ('486e248d-d71d-4001-a87d-4b89547a5bc8', 'SFX-2026-2027-068', 'NO-LRN-SY2026-2027-A2AFE59F', 'Mhertz Nikxel Li Jane', 'Dadula', 'Prostrero', NULL, '2012-04-08 00:00:00', 'Female', 'Nursery', 'SFXSAI', 'Syrah Ababat', 'New', 'Officially Enrolled', 'Pending', 'Unassessed', 'Lovely Jane E. Dadula', '09459846288', 'Esperanza, Inopacan, Leyte', 'Lovely Jane E. Dadula', '09459846288', 'Artchie P. Matugina', '09164565108', 'Esperanza, Inopacan, Leyte', NULL, 'Saint Therese School', '2026-06-17 04:36:53.023', '2fb5c50a-ade1-4196-896d-b1fdb921daad', NULL, NULL, '2026-06-09 14:19:02.607');
INSERT INTO public."Student" (id, "studentNo", lrn, "firstName", "middleName", "lastName", suffix, birthdate, gender, "gradeLevel", section, adviser, "studentType", "enrollmentStatus", "documentStatus", "financeStatus", guardian, "contactNo", address, "motherName", "motherContact", "fatherName", "fatherContact", "phAddress", "uaeAddress", "previousSchool", "lastUpdated", "academicYearId", "photoFileId", "photoUrl", "enrollmentSubmittedAt") VALUES ('ee59c2de-7f0f-4e6f-b0e6-b7901ab0e63e', 'SFX-2026-2027-003', 'NO-LRN-SY2026-2027-8343BE17', 'Mikhabelle Eilish', 'Corpez', 'Garbo', NULL, '2022-12-26 00:00:00', 'Female', 'Kinder', 'SFXSAI', 'J Briones', 'New', 'Officially Enrolled', 'Pending', 'Unassessed', 'Emie Dapogias Corpez', '09948214677', 'Tahud, Inopacan, Leyte', 'Emie Dapogias Corpez', '09948214677', 'Adrian Malmis Garbo', '09948214677', 'Tahud, Inopacan, Leyte', NULL, 'NA', '2026-06-17 04:36:53.023', '2fb5c50a-ade1-4196-896d-b1fdb921daad', NULL, NULL, '2026-06-01 05:08:56.216');
INSERT INTO public."Student" (id, "studentNo", lrn, "firstName", "middleName", "lastName", suffix, birthdate, gender, "gradeLevel", section, adviser, "studentType", "enrollmentStatus", "documentStatus", "financeStatus", guardian, "contactNo", address, "motherName", "motherContact", "fatherName", "fatherContact", "phAddress", "uaeAddress", "previousSchool", "lastUpdated", "academicYearId", "photoFileId", "photoUrl", "enrollmentSubmittedAt") VALUES ('aad6376b-faf5-47e9-b6b2-f5d3a690b31b', 'SFX-2026-2027-066', '121420180004', 'Charles Aaron', 'Dadula', 'Camagong', NULL, '2013-01-17 00:00:00', 'Male', 'Grade 1', 'SFXSAI', 'Alwina Marie Estremos', 'Continuing', 'Officially Enrolled', 'Pending', 'Unassessed', 'Dadula, Chary, Sanchez', '09927525665', 'Conalum, Inopacan, Leyte', 'Dadula, Chary, Sanchez', '09927525665', 'Camagong, Arnold, Valerio', NULL, 'Conalum, Inopacan, Leyte', NULL, 'St. Francis Xavier Smart Academy Inc.', '2026-06-17 04:36:53.023', '2fb5c50a-ade1-4196-896d-b1fdb921daad', NULL, NULL, '2026-06-09 14:19:02.607');
INSERT INTO public."Student" (id, "studentNo", lrn, "firstName", "middleName", "lastName", suffix, birthdate, gender, "gradeLevel", section, adviser, "studentType", "enrollmentStatus", "documentStatus", "financeStatus", guardian, "contactNo", address, "motherName", "motherContact", "fatherName", "fatherContact", "phAddress", "uaeAddress", "previousSchool", "lastUpdated", "academicYearId", "photoFileId", "photoUrl", "enrollmentSubmittedAt") VALUES ('ea73e6a5-738b-4350-8358-e51986d8dfab', 'SFX-2026-2027-063', '404677190007', 'Chiz Aaliyah', 'Dadula', 'Camagong', NULL, '2014-05-17 00:00:00', 'Female', 'Grade 2', 'SFXSAI', 'Casandra Dante', 'Continuing', 'Officially Enrolled', 'Pending', 'Unassessed', 'Dadula, Chary, Sanchez', '09927525665', 'Conalum, Inopacan, Leyte', 'Dadula, Chary, Sanchez', '09927525665', 'Camagong, Arnold, Valerio', NULL, 'Conalum, Inopacan, Leyte', NULL, 'St. Francis Xavier Smart Academy Inc.', '2026-06-17 04:36:53.023', '2fb5c50a-ade1-4196-896d-b1fdb921daad', NULL, NULL, '2026-06-09 14:19:02.607');
INSERT INTO public."Student" (id, "studentNo", lrn, "firstName", "middleName", "lastName", suffix, birthdate, gender, "gradeLevel", section, adviser, "studentType", "enrollmentStatus", "documentStatus", "financeStatus", guardian, "contactNo", address, "motherName", "motherContact", "fatherName", "fatherContact", "phAddress", "uaeAddress", "previousSchool", "lastUpdated", "academicYearId", "photoFileId", "photoUrl", "enrollmentSubmittedAt") VALUES ('7d79eb85-a14f-4db5-a835-793f9a45e6c7', 'SFX-2026-2027-064', 'NO-LRN-SY2026-2027-871AFE38', 'Charlene Joyce U.', NULL, 'Mejia', NULL, '2013-03-23 00:00:00', 'Female', 'Grade 3', 'SFXSAI', 'Casandra Dante', 'New', 'Officially Enrolled', 'Pending', 'Unassessed', 'Aivie Balugo Umantod', '09924334023', 'Conalum, Inopacan, Leyte', 'Aivie Balugo Umantod', '09924334023', 'Arnel Sumaylo Mejia', '09924334023', 'Conalum, Inopacan, Leyte', NULL, 'Conalum Elementary School', '2026-06-17 04:36:53.023', '2fb5c50a-ade1-4196-896d-b1fdb921daad', NULL, NULL, '2026-06-01 05:09:55.436');
INSERT INTO public."Student" (id, "studentNo", lrn, "firstName", "middleName", "lastName", suffix, birthdate, gender, "gradeLevel", section, adviser, "studentType", "enrollmentStatus", "documentStatus", "financeStatus", guardian, "contactNo", address, "motherName", "motherContact", "fatherName", "fatherContact", "phAddress", "uaeAddress", "previousSchool", "lastUpdated", "academicYearId", "photoFileId", "photoUrl", "enrollmentSubmittedAt") VALUES ('ae72d287-e3ed-4235-8822-28b45a21c2b0', 'SFX-2026-2027-065', '136632190144', 'Ford Luigi Dargantes', NULL, 'Torrion', NULL, '2013-04-12 00:00:00', 'Male', 'Grade 4', 'SFXSAI', 'Casandra Dante', 'New', 'Officially Enrolled', 'Pending', 'Unassessed', 'Aina Sumaylo Dargantes', '09932124231', 'Conalum, Inopacan, Leyte', 'Aina Sumaylo Dargantes', '09932124231', 'Glen Torrion', '09932124231', 'Conalum, Inopacan, Leyte', NULL, 'Conalum Elementary School', '2026-06-17 04:36:53.023', '2fb5c50a-ade1-4196-896d-b1fdb921daad', NULL, NULL, '2026-05-25 10:21:10.741');
INSERT INTO public."Student" (id, "studentNo", lrn, "firstName", "middleName", "lastName", suffix, birthdate, gender, "gradeLevel", section, adviser, "studentType", "enrollmentStatus", "documentStatus", "financeStatus", guardian, "contactNo", address, "motherName", "motherContact", "fatherName", "fatherContact", "phAddress", "uaeAddress", "previousSchool", "lastUpdated", "academicYearId", "photoFileId", "photoUrl", "enrollmentSubmittedAt") VALUES ('897c8e52-faf1-43f5-8ebf-f832c34f5769', 'SFX-2026-2027-030', '121423240003', 'Prince Jake Kyler', 'Luzon', 'Bibat', NULL, '2019-01-09 00:00:00', 'Male', 'Grade 5', 'SFXSAI', 'Johnin Mae Dadula', 'Continuing', 'Officially Enrolled', 'Pending', 'Unassessed', 'Luzon, Adelfa', '09756933253', 'Tinago, Inopacan, Leyte', 'Luzon, Adelfa', '09756933253', 'Bibat, Jeffrey', NULL, 'Tinago, Inopacan, Leyte', NULL, 'St. Francis Xavier Smart Academy Inc.', '2026-06-17 04:36:53.023', '2fb5c50a-ade1-4196-896d-b1fdb921daad', NULL, NULL, '2026-06-09 14:19:02.607');
INSERT INTO public."Student" (id, "studentNo", lrn, "firstName", "middleName", "lastName", suffix, birthdate, gender, "gradeLevel", section, adviser, "studentType", "enrollmentStatus", "documentStatus", "financeStatus", guardian, "contactNo", address, "motherName", "motherContact", "fatherName", "fatherContact", "phAddress", "uaeAddress", "previousSchool", "lastUpdated", "academicYearId", "photoFileId", "photoUrl", "enrollmentSubmittedAt") VALUES ('6c5a40e8-bc70-465a-986f-5bf077bed3db', 'SFX-2026-2027-031', '121420240015', 'Eavan Mattie', 'Golo', 'Cubio', NULL, '2018-11-11 00:00:00', 'Female', 'Grade 6', 'SFXSAI', 'Johnin Mae Dadula', 'Continuing', 'Officially Enrolled', 'Pending', 'Unassessed', 'Golo, Jane Kristyl, Catigbe', '09810980016', 'Conalum, Inopacan, Leyte', 'Golo, Jane Kristyl, Catigbe', '09810980016', 'Cubio, Marco', NULL, 'Conalum, Inopacan, Leyte', NULL, 'St. Francis Xavier Smart Academy Inc.', '2026-06-17 04:36:53.023', '2fb5c50a-ade1-4196-896d-b1fdb921daad', NULL, NULL, '2026-06-10 20:00:00');
INSERT INTO public."Student" (id, "studentNo", lrn, "firstName", "middleName", "lastName", suffix, birthdate, gender, "gradeLevel", section, adviser, "studentType", "enrollmentStatus", "documentStatus", "financeStatus", guardian, "contactNo", address, "motherName", "motherContact", "fatherName", "fatherContact", "phAddress", "uaeAddress", "previousSchool", "lastUpdated", "academicYearId", "photoFileId", "photoUrl", "enrollmentSubmittedAt") VALUES ('8dae1d64-e305-4e44-8a01-373dd52c96a5', 'SFX-2026-2027-032', '121422240005', 'Jadd Ace', 'Declaro', 'Dadula', NULL, '2018-11-30 00:00:00', 'Male', 'Nursery', 'SFXSAI', 'Johnin Mae Dadula', 'New', 'Officially Enrolled', 'Pending', 'Unassessed', 'Johnin Mae P. Declaro', '09365901610', 'Brgy. Esperanza Inopacan Leyte', 'Johnin Mae P. Declaro', '09365901610', 'Arcel P. Dadula', '09911335479', 'Brgy. Esperanza Inopacan Leyte', NULL, 'St. Francis Xavier Smart Academy Incorporated', '2026-06-17 04:36:53.023', '2fb5c50a-ade1-4196-896d-b1fdb921daad', NULL, NULL, '2026-05-18 06:40:00.372');
INSERT INTO public."Student" (id, "studentNo", lrn, "firstName", "middleName", "lastName", suffix, birthdate, gender, "gradeLevel", section, adviser, "studentType", "enrollmentStatus", "documentStatus", "financeStatus", guardian, "contactNo", address, "motherName", "motherContact", "fatherName", "fatherContact", "phAddress", "uaeAddress", "previousSchool", "lastUpdated", "academicYearId", "photoFileId", "photoUrl", "enrollmentSubmittedAt") VALUES ('b8899e52-7594-4f06-a5ac-cc2edb38e4ce', 'STU-2026-010', 'LRN100010', 'Student 10', NULL, 'Test', NULL, NULL, NULL, 'Kinder', 'SFXSAI', NULL, 'Regular', 'Withdrawn', 'Incomplete', 'Paid', NULL, NULL, NULL, NULL, NULL, NULL, NULL, NULL, NULL, NULL, '2026-06-17 04:36:53.023', NULL, NULL, NULL, '2026-01-27 17:20:24.361');
INSERT INTO public."Student" (id, "studentNo", lrn, "firstName", "middleName", "lastName", suffix, birthdate, gender, "gradeLevel", section, adviser, "studentType", "enrollmentStatus", "documentStatus", "financeStatus", guardian, "contactNo", address, "motherName", "motherContact", "fatherName", "fatherContact", "phAddress", "uaeAddress", "previousSchool", "lastUpdated", "academicYearId", "photoFileId", "photoUrl", "enrollmentSubmittedAt") VALUES ('da513a3f-44a9-40bf-ace7-5b8e49d6876f', 'STU-2026-011', 'LRN100011', 'Student 11', NULL, 'Test', NULL, NULL, NULL, 'Grade 1', 'SFXSAI', NULL, 'Regular', 'Enrolled', 'Incomplete', 'Paid', NULL, NULL, NULL, NULL, NULL, NULL, NULL, NULL, NULL, NULL, '2026-06-17 04:36:53.023', NULL, NULL, NULL, '2025-12-25 17:20:24.456');
INSERT INTO public."Student" (id, "studentNo", lrn, "firstName", "middleName", "lastName", suffix, birthdate, gender, "gradeLevel", section, adviser, "studentType", "enrollmentStatus", "documentStatus", "financeStatus", guardian, "contactNo", address, "motherName", "motherContact", "fatherName", "fatherContact", "phAddress", "uaeAddress", "previousSchool", "lastUpdated", "academicYearId", "photoFileId", "photoUrl", "enrollmentSubmittedAt") VALUES ('b3056973-7165-4448-a2b8-ccf96c8a8818', 'STU-2026-014', 'LRN100014', 'Student 14', NULL, 'Test', NULL, NULL, NULL, 'Grade 2', 'SFXSAI', NULL, 'Regular', 'Withdrawn', 'Incomplete', 'Paid', NULL, NULL, NULL, NULL, NULL, NULL, NULL, NULL, NULL, NULL, '2026-06-17 04:36:53.023', NULL, NULL, NULL, '2026-03-19 17:20:24.742');
INSERT INTO public."Student" (id, "studentNo", lrn, "firstName", "middleName", "lastName", suffix, birthdate, gender, "gradeLevel", section, adviser, "studentType", "enrollmentStatus", "documentStatus", "financeStatus", guardian, "contactNo", address, "motherName", "motherContact", "fatherName", "fatherContact", "phAddress", "uaeAddress", "previousSchool", "lastUpdated", "academicYearId", "photoFileId", "photoUrl", "enrollmentSubmittedAt") VALUES ('f50865a9-01e9-481f-9139-58872a089592', 'STU-2026-015', 'LRN100015', 'Student 15', NULL, 'Test', NULL, NULL, NULL, 'Grade 3', 'SFXSAI', NULL, 'Regular', 'Enrolled', 'Incomplete', 'Paid', NULL, NULL, NULL, NULL, NULL, NULL, NULL, NULL, NULL, NULL, '2026-06-17 04:36:53.023', NULL, NULL, NULL, '2026-02-14 17:20:24.837');
INSERT INTO public."Student" (id, "studentNo", lrn, "firstName", "middleName", "lastName", suffix, birthdate, gender, "gradeLevel", section, adviser, "studentType", "enrollmentStatus", "documentStatus", "financeStatus", guardian, "contactNo", address, "motherName", "motherContact", "fatherName", "fatherContact", "phAddress", "uaeAddress", "previousSchool", "lastUpdated", "academicYearId", "photoFileId", "photoUrl", "enrollmentSubmittedAt") VALUES ('c77b4d6f-6726-490c-8036-9e4ad580e719', 'SFX-2026-2027-023', 'NO-LRN-SY2026-2027-3D59BCAB', 'Zane Rapha', 'Garcia', 'Arquillano', NULL, '2020-01-08 00:00:00', 'Male', 'Grade 4', 'SFXSAI', 'Ychemlie', 'New', 'Officially Enrolled', 'Pending', 'Unassessed', 'Garcia, Inmaculada, Javalla', '09066162175', 'Brgy. Guadalupe, Inopacan, Leyte', 'Garcia, Inmaculada, Javalla', '09066162175', 'Arquillano, Jerry, Andrade', '09244832348', 'Brgy. Guadalupe, Inopacan, Leyte', NULL, 'Inopacan Christian Kindergarten School', '2026-06-17 04:36:53.023', '2fb5c50a-ade1-4196-896d-b1fdb921daad', NULL, NULL, '2026-06-03 16:38:16.977');
INSERT INTO public."Student" (id, "studentNo", lrn, "firstName", "middleName", "lastName", suffix, birthdate, gender, "gradeLevel", section, adviser, "studentType", "enrollmentStatus", "documentStatus", "financeStatus", guardian, "contactNo", address, "motherName", "motherContact", "fatherName", "fatherContact", "phAddress", "uaeAddress", "previousSchool", "lastUpdated", "academicYearId", "photoFileId", "photoUrl", "enrollmentSubmittedAt") VALUES ('051753f8-4461-4e85-b321-2815998f50d4', 'SFX-2026-2027-024', '121643250011', 'Catharina', 'Ramal', 'Baggerman', NULL, '2020-06-26 00:00:00', 'Female', 'Grade 5', 'SFXSAI', 'Ychemlie', 'New', 'Officially Enrolled', 'Pending', 'Unassessed', 'Marilou Indac Ramal', '09602696263', 'Tahud, Inopacan, Leyte', 'Marilou Indac Ramal', '09602696263', 'Antonius Theodorus Baggerman', '09288959473', 'Tahud, Inopacan, Leyte', NULL, 'Malinao, Elementary School', '2026-06-17 04:36:53.023', '2fb5c50a-ade1-4196-896d-b1fdb921daad', NULL, NULL, '2026-06-09 14:19:02.607');
INSERT INTO public."Student" (id, "studentNo", lrn, "firstName", "middleName", "lastName", suffix, birthdate, gender, "gradeLevel", section, adviser, "studentType", "enrollmentStatus", "documentStatus", "financeStatus", guardian, "contactNo", address, "motherName", "motherContact", "fatherName", "fatherContact", "phAddress", "uaeAddress", "previousSchool", "lastUpdated", "academicYearId", "photoFileId", "photoUrl", "enrollmentSubmittedAt") VALUES ('3231e0b4-f34a-4c2a-9d22-7c11cc3e73e9', 'SFX-2026-2027-022', 'NO-LRN-2026-2027-L2-B06E8F825C', 'Zach Kylo Mabaya', NULL, 'Corpez', NULL, '2021-10-05 00:00:00', 'Male', 'Grade 6', 'SFXSAI', NULL, 'Continuing', 'Officially Enrolled', 'Pending', 'Unassessed', 'Arceli Lumanit Mabaya', '09925319716', 'Tahud Inopacan, Leyte', 'Arceli Lumanit Mabaya', '09925319716', 'Milven Bosque Corpez', '09936368268', 'Tahud Inopacan, Leyte', NULL, 'St. Francis Xavier Smart Academy Inc.', '2026-06-17 04:36:53.023', '2fb5c50a-ade1-4196-896d-b1fdb921daad', NULL, NULL, '2026-05-21 08:02:46.755');
INSERT INTO public."Student" (id, "studentNo", lrn, "firstName", "middleName", "lastName", suffix, birthdate, gender, "gradeLevel", section, adviser, "studentType", "enrollmentStatus", "documentStatus", "financeStatus", guardian, "contactNo", address, "motherName", "motherContact", "fatherName", "fatherContact", "phAddress", "uaeAddress", "previousSchool", "lastUpdated", "academicYearId", "photoFileId", "photoUrl", "enrollmentSubmittedAt") VALUES ('1e57c8f8-bdf6-4a95-b5d4-cac5dabc5359', 'SFX-2026-2027-013', 'NO-LRN-SY2026-2027-7BF592D3', 'Clint Jacob', 'Peteros', 'Caparida', NULL, '2021-06-02 00:00:00', 'Male', 'Nursery', 'SFXSAI', NULL, 'New', 'Officially Enrolled', 'Pending', 'Unassessed', 'Peteros, Retchel, Galo', '09462229890', 'Esperanza, Inopacan, Leyte', 'Peteros, Retchel, Galo', '09462229890', 'Jared Sam Caparida', NULL, 'Esperanza, Inopacan, Leyte', NULL, 'Inopacan Parish Academy', '2026-06-17 04:36:53.023', '2fb5c50a-ade1-4196-896d-b1fdb921daad', NULL, NULL, '2026-06-09 14:19:02.607');
INSERT INTO public."Student" (id, "studentNo", lrn, "firstName", "middleName", "lastName", suffix, birthdate, gender, "gradeLevel", section, adviser, "studentType", "enrollmentStatus", "documentStatus", "financeStatus", guardian, "contactNo", address, "motherName", "motherContact", "fatherName", "fatherContact", "phAddress", "uaeAddress", "previousSchool", "lastUpdated", "academicYearId", "photoFileId", "photoUrl", "enrollmentSubmittedAt") VALUES ('ef81de5f-9a82-4525-8fc6-d3309bedceb4', 'SFX-2026-2027-007', 'NO-LRN-SY2026-2027-0AA84BCA', 'Chris Louie', 'Kudera', 'Sayod', NULL, '2022-08-20 00:00:00', 'Male', 'Kinder', 'SFXSAI', 'J Briones', 'New', 'Officially Enrolled', 'Pending', 'Unassessed', 'Chresna Caintic Kudera', '09914583262', 'Conalum, Inopacan, Leyte', 'Chresna Caintic Kudera', '09914583262', 'Cristopher  Sollano Sayod', NULL, 'Conalum, Inopacan, Leyte', NULL, NULL, '2026-06-17 04:36:53.023', '2fb5c50a-ade1-4196-896d-b1fdb921daad', NULL, NULL, '2026-06-10 20:00:00');
INSERT INTO public."Student" (id, "studentNo", lrn, "firstName", "middleName", "lastName", suffix, birthdate, gender, "gradeLevel", section, adviser, "studentType", "enrollmentStatus", "documentStatus", "financeStatus", guardian, "contactNo", address, "motherName", "motherContact", "fatherName", "fatherContact", "phAddress", "uaeAddress", "previousSchool", "lastUpdated", "academicYearId", "photoFileId", "photoUrl", "enrollmentSubmittedAt") VALUES ('eab821a5-0b21-4f40-ad5f-8367729dffb2', 'SFX-2026-2027-008', 'NO-LRN-SY2026-2027-D3D5FD33', 'Danaya Selene', 'Precilda', 'Suralta', NULL, '2022-11-04 00:00:00', 'Female', 'Grade 1', 'SFXSAI', 'J Briones', 'New', 'Officially Enrolled', 'Pending', 'Unassessed', 'Bierna Maris Labadan Precilda', '09241054686', 'Purok 5, Brgy. Guadalupe, Inopacan, Leyte', 'Bierna Maris Labadan Precilda', '09241054686', 'Roy L. Suralta', NULL, 'Purok 5, Brgy. Guadalupe, Inopacan, Leyte', NULL, NULL, '2026-06-17 04:36:53.023', '2fb5c50a-ade1-4196-896d-b1fdb921daad', NULL, NULL, '2026-06-09 14:19:02.607');
INSERT INTO public."Student" (id, "studentNo", lrn, "firstName", "middleName", "lastName", suffix, birthdate, gender, "gradeLevel", section, adviser, "studentType", "enrollmentStatus", "documentStatus", "financeStatus", guardian, "contactNo", address, "motherName", "motherContact", "fatherName", "fatherContact", "phAddress", "uaeAddress", "previousSchool", "lastUpdated", "academicYearId", "photoFileId", "photoUrl", "enrollmentSubmittedAt") VALUES ('4e7ddf17-baf7-44c1-85ac-593532193409', 'SFX-2026-2027-009', 'NO-LRN-SY2026-2027-D78858D3', 'Zuriel Edelweiss', 'Legaspi', 'Tabaranza', NULL, '2023-04-09 00:00:00', 'Male', 'Grade 2', 'SFXSAI', 'J Briones', 'New', 'Officially Enrolled', 'Pending', 'Unassessed', 'Legaspi, Charm Maria, Dacera', '09365349885', 'Guadalupe, Inopacan, Leyte', 'Legaspi, Charm Maria, Dacera', '09365349885', 'Tabaranza, Argied, Madrigal', NULL, 'Guadalupe, Inopacan, Leyte', NULL, NULL, '2026-06-17 04:36:53.023', '2fb5c50a-ade1-4196-896d-b1fdb921daad', NULL, NULL, '2026-06-09 14:19:02.607');
INSERT INTO public."Student" (id, "studentNo", lrn, "firstName", "middleName", "lastName", suffix, birthdate, gender, "gradeLevel", section, adviser, "studentType", "enrollmentStatus", "documentStatus", "financeStatus", guardian, "contactNo", address, "motherName", "motherContact", "fatherName", "fatherContact", "phAddress", "uaeAddress", "previousSchool", "lastUpdated", "academicYearId", "photoFileId", "photoUrl", "enrollmentSubmittedAt") VALUES ('47c63404-f507-48b2-8404-ebd085dc9ec1', 'SFX-2026-2027-010', 'NO-LRN-SY2026-2027-EC2483BA', 'Alexys', 'Dadula', 'Verana', NULL, '2022-10-30 00:00:00', 'Female', 'Grade 3', 'SFXSAI', 'J Briones', 'Continuing', 'Officially Enrolled', 'Pending', 'Unassessed', 'Dadula, Mary Grace, Edillon', '09621176597', 'Brgy. Conalum, Inopacan, Leyte', 'Dadula, Mary Grace, Edillon', '09621176597', 'Verana, Rolly Luteria', NULL, 'Brgy. Conalum, Inopacan, Leyte', NULL, 'St. Francis Xavier Smart Academy Inc.', '2026-06-17 04:36:53.023', '2fb5c50a-ade1-4196-896d-b1fdb921daad', NULL, NULL, '2026-06-03 16:39:58.954');
INSERT INTO public."Student" (id, "studentNo", lrn, "firstName", "middleName", "lastName", suffix, birthdate, gender, "gradeLevel", section, adviser, "studentType", "enrollmentStatus", "documentStatus", "financeStatus", guardian, "contactNo", address, "motherName", "motherContact", "fatherName", "fatherContact", "phAddress", "uaeAddress", "previousSchool", "lastUpdated", "academicYearId", "photoFileId", "photoUrl", "enrollmentSubmittedAt") VALUES ('3cb727fa-d0f2-4c65-83db-1451a293087b', 'SFX-2026-2027-028', '411103250002', 'Jorxia Villacorte', NULL, 'Batiancila', NULL, '2020-05-10 00:00:00', 'Female', 'Grade 4', 'SFXSAI', 'Ychemlie', 'Continuing', 'Officially Enrolled', 'Pending', 'Unassessed', 'Mary Grace Aldujar Villacorte', '09275052304', 'Plaridel Baybay City, Leyte', 'Mary Grace Aldujar Villacorte', '09275052304', 'Mark Joriel Bandija Batiancila', '09275052304', 'Plaridel Baybay City, Leyte', NULL, 'St. Francis Xavier Smart Academy Inc.', '2026-06-17 04:36:53.023', '2fb5c50a-ade1-4196-896d-b1fdb921daad', NULL, NULL, '2026-05-19 07:38:08.546');
INSERT INTO public."Student" (id, "studentNo", lrn, "firstName", "middleName", "lastName", suffix, birthdate, gender, "gradeLevel", section, adviser, "studentType", "enrollmentStatus", "documentStatus", "financeStatus", guardian, "contactNo", address, "motherName", "motherContact", "fatherName", "fatherContact", "phAddress", "uaeAddress", "previousSchool", "lastUpdated", "academicYearId", "photoFileId", "photoUrl", "enrollmentSubmittedAt") VALUES ('979cfe17-3530-42cb-b313-95b1b78801f4', 'SFX-2026-2027-038', '121420230024', 'Charlotte', '-', 'Dadula', NULL, '2018-02-01 00:00:00', 'Female', 'Grade 5', 'SFXSAI', 'Melody Dawn Dadios / Shaylene', 'New', 'Officially Enrolled', 'Pending', 'Unassessed', 'Dadula, Chary Sanchez', '09927525665', 'Conalum, Inopacan, Leyte', 'Dadula, Chary Sanchez', '09927525665', NULL, NULL, 'Conalum, Inopacan, Leyte', NULL, NULL, '2026-06-17 04:36:53.023', '2fb5c50a-ade1-4196-896d-b1fdb921daad', NULL, NULL, '2026-06-09 14:19:02.607');
INSERT INTO public."Student" (id, "studentNo", lrn, "firstName", "middleName", "lastName", suffix, birthdate, gender, "gradeLevel", section, adviser, "studentType", "enrollmentStatus", "documentStatus", "financeStatus", guardian, "contactNo", address, "motherName", "motherContact", "fatherName", "fatherContact", "phAddress", "uaeAddress", "previousSchool", "lastUpdated", "academicYearId", "photoFileId", "photoUrl", "enrollmentSubmittedAt") VALUES ('8296793c-cd3a-4d51-a0f6-c94930b981ec', 'SFX-2026-2027-039', '451503230005', 'Jaylen Drew', 'Galindez', 'Dargantes', NULL, '2018-06-18 00:00:00', 'Male', 'Grade 6', 'SFXSAI', 'Melody Dawn Dadios / Shaylene', 'Continuing', 'Officially Enrolled', 'Pending', 'Unassessed', 'Galindez, Orlen May, Quintano', '09061774416', 'Esperanza, Inopacan, Leyte', 'Galindez, Orlen May, Quintano', '09061774416', 'Dargantes, Arjay, Bisnar', '09475173806', 'Esperanza, Inopacan, Leyte', NULL, 'St. Francis Xavier Smart Academy Inc.', '2026-06-17 04:36:53.023', '2fb5c50a-ade1-4196-896d-b1fdb921daad', NULL, NULL, '2026-06-09 14:19:02.607');
INSERT INTO public."Student" (id, "studentNo", lrn, "firstName", "middleName", "lastName", suffix, birthdate, gender, "gradeLevel", section, adviser, "studentType", "enrollmentStatus", "documentStatus", "financeStatus", guardian, "contactNo", address, "motherName", "motherContact", "fatherName", "fatherContact", "phAddress", "uaeAddress", "previousSchool", "lastUpdated", "academicYearId", "photoFileId", "photoUrl", "enrollmentSubmittedAt") VALUES ('19bf6104-042a-467c-abd7-2154e731bc25', 'SFX-2026-2027-040', '121420230014', 'Eula Mae Palma', NULL, 'Dadula', NULL, '2017-11-28 00:00:00', 'Female', 'Nursery', 'SFXSAI', 'Melody Dawn Dadios / Shaylene', 'New', 'Officially Enrolled', 'Pending', 'Unassessed', 'Sheila Mae Palma Polistico', '09551062645', 'Conalum, Inopcan, Leyte', 'Sheila Mae Palma Polistico', '09551062645', 'Eulogio Edillon Dadula', '09551062645', 'Conalum, Inopcan, Leyte', NULL, 'SFXSA Inc.', '2026-06-17 04:36:53.023', '2fb5c50a-ade1-4196-896d-b1fdb921daad', NULL, NULL, '2026-06-09 14:19:02.607');
INSERT INTO public."Student" (id, "studentNo", lrn, "firstName", "middleName", "lastName", suffix, birthdate, gender, "gradeLevel", section, adviser, "studentType", "enrollmentStatus", "documentStatus", "financeStatus", guardian, "contactNo", address, "motherName", "motherContact", "fatherName", "fatherContact", "phAddress", "uaeAddress", "previousSchool", "lastUpdated", "academicYearId", "photoFileId", "photoUrl", "enrollmentSubmittedAt") VALUES ('9afb46a5-1fbd-4a09-a44c-700d7d0ccfbe', 'SFX-2026-2027-041', '451503230010', 'Jian Broñola', NULL, 'Palma', NULL, '2018-09-04 00:00:00', 'Male', 'Kinder', 'SFXSAI', 'Melody Dawn Dadios / Shaylene', 'New', 'Officially Enrolled', 'Pending', 'Unassessed', 'Analisa Broñola', '09551062645', 'Conalum, Inopacan, Leyte', 'Analisa Broñola', NULL, 'Jerome Palma', '09551062645', 'Conalum, Inopacan, Leyte', NULL, 'SFXSA Inc.', '2026-06-17 04:36:53.023', '2fb5c50a-ade1-4196-896d-b1fdb921daad', NULL, NULL, '2026-06-09 14:19:02.607');
INSERT INTO public."Student" (id, "studentNo", lrn, "firstName", "middleName", "lastName", suffix, birthdate, gender, "gradeLevel", section, adviser, "studentType", "enrollmentStatus", "documentStatus", "financeStatus", guardian, "contactNo", address, "motherName", "motherContact", "fatherName", "fatherContact", "phAddress", "uaeAddress", "previousSchool", "lastUpdated", "academicYearId", "photoFileId", "photoUrl", "enrollmentSubmittedAt") VALUES ('96bc68e3-d876-4ee8-8806-f09bebec67aa', 'SFX-2026-2027-044', '451503230025', 'Brent MJ', 'Anonuevo', 'Nopal', NULL, '2018-08-22 00:00:00', 'Male', 'Grade 1', 'SFXSAI', 'Melody Dawn Dadios / Shaylene', 'Continuing', 'Officially Enrolled', 'Pending', 'Unassessed', 'Melona, Pelesco Anonuevo', '09944018917', 'Guadalupe, Inopacan, Leyte', 'Melona, Pelesco Anonuevo', '09944018917', 'Jonathan Munez', '09944018917', 'Guadalupe, Inopacan, Leyte', NULL, 'St. Francis Xavier Smart Academy Inc.', '2026-06-17 04:36:53.023', '2fb5c50a-ade1-4196-896d-b1fdb921daad', NULL, NULL, '2026-06-05 05:03:45.939');
INSERT INTO public."Student" (id, "studentNo", lrn, "firstName", "middleName", "lastName", suffix, birthdate, gender, "gradeLevel", section, adviser, "studentType", "enrollmentStatus", "documentStatus", "financeStatus", guardian, "contactNo", address, "motherName", "motherContact", "fatherName", "fatherContact", "phAddress", "uaeAddress", "previousSchool", "lastUpdated", "academicYearId", "photoFileId", "photoUrl", "enrollmentSubmittedAt") VALUES ('ce6509e9-087e-41b3-bdab-f981db45eb8d', 'SFX-2026-2027-046', '404677230020', 'Ella Rihanna Mionette', '-', 'Pepito', NULL, '2018-07-08 00:00:00', 'Female', 'Grade 2', 'SFXSAI', 'Melody Dawn Dadios / Shaylene', 'Continuing', 'Officially Enrolled', 'Pending', 'Unassessed', 'Pepito, Jennifer, Meraya', '09353022102', 'Poblacion, Inopacan, Leyte', 'Pepito, Jennifer, Meraya', '09353022102', NULL, NULL, 'Poblacion, Inopacan, Leyte', NULL, 'St. Francis Xavier Smart Academy Inc.', '2026-06-17 04:36:53.023', '2fb5c50a-ade1-4196-896d-b1fdb921daad', NULL, NULL, '2026-06-10 20:00:00');
INSERT INTO public."Student" (id, "studentNo", lrn, "firstName", "middleName", "lastName", suffix, birthdate, gender, "gradeLevel", section, adviser, "studentType", "enrollmentStatus", "documentStatus", "financeStatus", guardian, "contactNo", address, "motherName", "motherContact", "fatherName", "fatherContact", "phAddress", "uaeAddress", "previousSchool", "lastUpdated", "academicYearId", "photoFileId", "photoUrl", "enrollmentSubmittedAt") VALUES ('9f1f17c4-cf9f-47f7-8415-004e293c5d41', 'SFX-2026-2027-047', '451503230008', 'Cipher Keith', 'Batican', 'Piamonte', NULL, '2017-12-19 00:00:00', 'Male', 'Grade 3', 'SFXSAI', 'Melody Dawn Dadios / Shaylene', 'Continuing', 'Officially Enrolled', 'Pending', 'Unassessed', 'Batican, Jessa Mae, Bulacan', '09932123926', 'Esperanza, Inopacan, Leyte', 'Batican, Jessa Mae, Bulacan', '09932123926', 'Piamonte, Mc Kevin Keith, Bayhonan', '09932123926', 'Esperanza, Inopacan, Leyte', NULL, 'St. Francis Xavier Smart Academy Inc.', '2026-06-17 04:36:53.023', '2fb5c50a-ade1-4196-896d-b1fdb921daad', NULL, NULL, '2026-06-03 16:40:49.547');
INSERT INTO public."Student" (id, "studentNo", lrn, "firstName", "middleName", "lastName", suffix, birthdate, gender, "gradeLevel", section, adviser, "studentType", "enrollmentStatus", "documentStatus", "financeStatus", guardian, "contactNo", address, "motherName", "motherContact", "fatherName", "fatherContact", "phAddress", "uaeAddress", "previousSchool", "lastUpdated", "academicYearId", "photoFileId", "photoUrl", "enrollmentSubmittedAt") VALUES ('2fe41085-311d-4477-8ceb-76dc1dc1f423', 'SFX-2026-2027-045', '404677230008', 'Meldwin', 'Bibat', 'Payot', NULL, '2017-04-13 00:00:00', 'Male', 'Grade 4', 'SFXSAI', 'Melody Dawn Dadios / Shaylene', 'Continuing', 'Officially Enrolled', 'Pending', 'Unassessed', 'Bibat, Mildrid, Otero', '09655611937', 'Esperanza, Inopacan, Leyte', 'Bibat, Mildrid, Otero', '09655611937', 'Payot, Edwin, Timon', NULL, 'Esperanza, Inopacan, Leyte', NULL, 'St. Francis Xavier Smart Academy Inc.', '2026-06-17 04:36:53.023', '2fb5c50a-ade1-4196-896d-b1fdb921daad', NULL, NULL, '2026-05-28 11:15:13.036');
INSERT INTO public."Student" (id, "studentNo", lrn, "firstName", "middleName", "lastName", suffix, birthdate, gender, "gradeLevel", section, adviser, "studentType", "enrollmentStatus", "documentStatus", "financeStatus", guardian, "contactNo", address, "motherName", "motherContact", "fatherName", "fatherContact", "phAddress", "uaeAddress", "previousSchool", "lastUpdated", "academicYearId", "photoFileId", "photoUrl", "enrollmentSubmittedAt") VALUES ('7bced394-362f-4389-b5b1-71facd7fd4dc', 'SFX-2026-2027-054', '404677220011', 'Myrvana Alexandria', 'Degorio', 'Yap', NULL, '2017-03-19 00:00:00', 'Female', 'Grade 5', 'SFXSAI', NULL, 'Continuing', 'Officially Enrolled', 'Pending', 'Unassessed', 'Degorio, Chemlie Boldios', '09936996467', 'Esperanza, Inopacan, Leyte', 'Degorio, Chemlie Boldios', '09936996467', 'Yap, Alexander Atanante', NULL, 'Esperanza, Inopacan, Leyte', NULL, 'St. Francis Xavier Smart Academy Inc.', '2026-06-17 04:36:53.023', '2fb5c50a-ade1-4196-896d-b1fdb921daad', NULL, NULL, '2026-05-25 10:51:30.004');
INSERT INTO public."Student" (id, "studentNo", lrn, "firstName", "middleName", "lastName", suffix, birthdate, gender, "gradeLevel", section, adviser, "studentType", "enrollmentStatus", "documentStatus", "financeStatus", guardian, "contactNo", address, "motherName", "motherContact", "fatherName", "fatherContact", "phAddress", "uaeAddress", "previousSchool", "lastUpdated", "academicYearId", "photoFileId", "photoUrl", "enrollmentSubmittedAt") VALUES ('5466fa17-b2f3-4a7c-a409-e8950cd46bb0', 'SFX-2026-2027-056', 'NO-LRN-2026-2027-G4-D2AF513B71', 'Zia Michiko Plaza', NULL, 'Dargantes', NULL, '2017-06-03 00:00:00', 'Female', 'Grade 6', 'SFXSAI', NULL, 'New', 'Officially Enrolled', 'Pending', 'Unassessed', 'Ivyann Dadula Plaza', '09269603055', 'Sitio Biaong Conalum, Inopacan, Leyte', 'Ivyann Dadula Plaza', '09269603055', 'Arnel Sumaylo Dargantes', '09269603055', 'Sitio Biaong Conalum, Inopacan, Leyte', NULL, 'St. Francis Xavier Smart Academy', '2026-06-17 04:36:53.023', '2fb5c50a-ade1-4196-896d-b1fdb921daad', NULL, NULL, '2026-05-19 07:38:15.345');
INSERT INTO public."Student" (id, "studentNo", lrn, "firstName", "middleName", "lastName", suffix, birthdate, gender, "gradeLevel", section, adviser, "studentType", "enrollmentStatus", "documentStatus", "financeStatus", guardian, "contactNo", address, "motherName", "motherContact", "fatherName", "fatherContact", "phAddress", "uaeAddress", "previousSchool", "lastUpdated", "academicYearId", "photoFileId", "photoUrl", "enrollmentSubmittedAt") VALUES ('c4daa8c1-3aa4-4469-a8ef-3e2a2650e407', 'SFX-2026-2027-057', '404677210011', 'Ernesto', 'III Albesa', 'Bibat', NULL, '2016-10-14 00:00:00', 'Male', 'Nursery', 'SFXSAI', NULL, 'Continuing', 'Officially Enrolled', 'Pending', 'Unassessed', 'Albesa, Wengelyn, Batiao', '09667461953', 'Esperanza, Inopacan, Leyte', 'Albesa, Wengelyn, Batiao', '09667461953', 'Bibat, Ernest, Trigo', NULL, 'Esperanza, Inopacan, Leyte', NULL, 'St. Francis Xavier Smart Academy Inc.', '2026-06-17 04:36:53.023', '2fb5c50a-ade1-4196-896d-b1fdb921daad', NULL, NULL, '2026-06-09 14:19:02.607');
INSERT INTO public."Student" (id, "studentNo", lrn, "firstName", "middleName", "lastName", suffix, birthdate, gender, "gradeLevel", section, adviser, "studentType", "enrollmentStatus", "documentStatus", "financeStatus", guardian, "contactNo", address, "motherName", "motherContact", "fatherName", "fatherContact", "phAddress", "uaeAddress", "previousSchool", "lastUpdated", "academicYearId", "photoFileId", "photoUrl", "enrollmentSubmittedAt") VALUES ('07f2d9c3-787d-4543-93f5-a34db20ee7af', 'SFX-2026-2027-058', '404677210023', 'Gio Loue Palma', NULL, 'Dadula', NULL, '2016-06-21 00:00:00', 'Male', 'Kinder', 'SFXSAI', NULL, 'New', 'Officially Enrolled', 'Pending', 'Unassessed', 'Sheila Mae Polistico Dadula', '09551062645', 'Conalum, Inopacan, Leyte', 'Sheila Mae Polistico Dadula', '09551062645', 'Eulogio Edillon Dadula', '09551062645', 'Conalum, Inopacan, Leyte', NULL, 'SFXSA Inc.', '2026-06-17 04:36:53.023', '2fb5c50a-ade1-4196-896d-b1fdb921daad', NULL, NULL, '2026-06-09 14:19:02.607');
INSERT INTO public."Student" (id, "studentNo", lrn, "firstName", "middleName", "lastName", suffix, birthdate, gender, "gradeLevel", section, adviser, "studentType", "enrollmentStatus", "documentStatus", "financeStatus", guardian, "contactNo", address, "motherName", "motherContact", "fatherName", "fatherContact", "phAddress", "uaeAddress", "previousSchool", "lastUpdated", "academicYearId", "photoFileId", "photoUrl", "enrollmentSubmittedAt") VALUES ('e4379d06-d4aa-482d-910a-b67de6e72da0', 'SFX-2026-2027-059', 'NO-LRN-SY2026-2027-49D661E7', 'Ehrmma Crissabel', 'Dadula', 'Prostrero', NULL, '2015-04-09 00:00:00', 'Female', 'Grade 1', 'SFXSAI', NULL, 'New', 'Officially Enrolled', 'Pending', 'Unassessed', 'Lovely Jane E. Dadula', '09459846288', 'Esperanza, Inopacan, Leyte', 'Lovely Jane E. Dadula', '09459846288', 'Artchie P. Matugina', '09164565108', 'Esperanza, Inopacan, Leyte', NULL, 'Saint Therese School', '2026-06-17 04:36:53.023', '2fb5c50a-ade1-4196-896d-b1fdb921daad', NULL, NULL, '2026-06-09 14:19:02.607');
INSERT INTO public."Student" (id, "studentNo", lrn, "firstName", "middleName", "lastName", suffix, birthdate, gender, "gradeLevel", section, adviser, "studentType", "enrollmentStatus", "documentStatus", "financeStatus", guardian, "contactNo", address, "motherName", "motherContact", "fatherName", "fatherContact", "phAddress", "uaeAddress", "previousSchool", "lastUpdated", "academicYearId", "photoFileId", "photoUrl", "enrollmentSubmittedAt") VALUES ('fcedbdec-861a-40e2-a481-8ae5905adb66', 'SFX-2026-2027-060', '404677200006', 'Juliana Kiona', 'Anonuevo', 'Nopal', NULL, '2015-07-16 00:00:00', 'Female', 'Grade 2', 'SFXSAI', NULL, 'Continuing', 'Officially Enrolled', 'Pending', 'Unassessed', 'Melona Pelesco Anonuevo', '09944018917', 'Guadalupe, Inopacan, Leyte', 'Melona Pelesco Anonuevo', '09944018917', 'Jonathan Munez Nopal', '09944018917', 'Guadalupe, Inopacan, Leyte', NULL, 'St. Francis Xavier Smart Academy Inc.', '2026-06-17 04:36:53.023', '2fb5c50a-ade1-4196-896d-b1fdb921daad', NULL, NULL, '2026-06-05 05:03:11.519');


--
-- Data for Name: AcademicRecord; Type: TABLE DATA; Schema: public; Owner: -
--

INSERT INTO public."AcademicRecord" (id, "studentName", "gradeLevel", section, "schoolYear", "generalAverage", remarks, status, "academicYearId", "studentId") VALUES ('788f058b-3461-4e92-a562-a1e440d4289c', 'Janelle Isabel Dadula', 'Grade 1', 'A', '2022-2023', '90', 'Eligible for admission to next grade', 'Promoted', NULL, '063deb32-8b89-4e0e-acf4-b62d4881c276');
INSERT INTO public."AcademicRecord" (id, "studentName", "gradeLevel", section, "schoolYear", "generalAverage", remarks, status, "academicYearId", "studentId") VALUES ('64660cc3-2477-466c-a3c2-f9d5fa91f678', 'Janelle Isabel Dadula', 'Grade 2', 'A', '2023-2024', '82', 'Eligible for admission to next grade', 'Promoted', NULL, '063deb32-8b89-4e0e-acf4-b62d4881c276');
INSERT INTO public."AcademicRecord" (id, "studentName", "gradeLevel", section, "schoolYear", "generalAverage", remarks, status, "academicYearId", "studentId") VALUES ('62f21275-b263-441e-912a-9bbb9e5076c2', 'Janelle Isabel Dadula', 'Grade 3', 'A', '2024-2025', '85', 'Eligible for admission to next grade', 'Promoted', NULL, '063deb32-8b89-4e0e-acf4-b62d4881c276');
INSERT INTO public."AcademicRecord" (id, "studentName", "gradeLevel", section, "schoolYear", "generalAverage", remarks, status, "academicYearId", "studentId") VALUES ('5e442dc4-3a54-43e3-ad5e-0f5ef8baba94', 'Aafiyah Duane Sashkia Gonzales', 'Grade 1', 'A', '2024-2025', '94', 'Eligible for admission to next grade', 'Promoted', NULL, '06df41b9-a854-4523-92ad-e13d6bc02dcf');
INSERT INTO public."AcademicRecord" (id, "studentName", "gradeLevel", section, "schoolYear", "generalAverage", remarks, status, "academicYearId", "studentId") VALUES ('e672da57-856a-4c91-adc3-bcda302db008', 'Gio Loue Palma Dadula', 'Grade 1', 'A', '2021-2022', '87', 'Eligible for admission to next grade', 'Promoted', NULL, '07f2d9c3-787d-4543-93f5-a34db20ee7af');
INSERT INTO public."AcademicRecord" (id, "studentName", "gradeLevel", section, "schoolYear", "generalAverage", remarks, status, "academicYearId", "studentId") VALUES ('d1abcb2d-8f7c-4c55-944e-b60ab365a12a', 'Gio Loue Palma Dadula', 'Grade 2', 'A', '2022-2023', '90', 'Eligible for admission to next grade', 'Promoted', NULL, '07f2d9c3-787d-4543-93f5-a34db20ee7af');
INSERT INTO public."AcademicRecord" (id, "studentName", "gradeLevel", section, "schoolYear", "generalAverage", remarks, status, "academicYearId", "studentId") VALUES ('2a70e176-5bdf-4bb2-947a-dd2df16af2cd', 'Gio Loue Palma Dadula', 'Grade 3', 'A', '2023-2024', '91', 'Eligible for admission to next grade', 'Promoted', NULL, '07f2d9c3-787d-4543-93f5-a34db20ee7af');
INSERT INTO public."AcademicRecord" (id, "studentName", "gradeLevel", section, "schoolYear", "generalAverage", remarks, status, "academicYearId", "studentId") VALUES ('54ea729f-8bb7-401d-96f7-841483cada72', 'Gio Loue Palma Dadula', 'Grade 4', 'A', '2024-2025', '89', 'Eligible for admission to next grade', 'Promoted', NULL, '07f2d9c3-787d-4543-93f5-a34db20ee7af');
INSERT INTO public."AcademicRecord" (id, "studentName", "gradeLevel", section, "schoolYear", "generalAverage", remarks, status, "academicYearId", "studentId") VALUES ('35db442d-2dff-4b21-84c6-265f71deaa96', 'Aamir Quibel Baliong', 'Grade 1', 'A', '2024-2025', '94', 'Eligible for admission to next grade', 'Promoted', NULL, '09183c6d-69de-4443-9495-ab32d0007c81');
INSERT INTO public."AcademicRecord" (id, "studentName", "gradeLevel", section, "schoolYear", "generalAverage", remarks, status, "academicYearId", "studentId") VALUES ('5181f5f5-f662-44bb-8780-3a70628be634', 'Gabriel Martin Salazar', 'Grade 1', 'A', '2020-2021', '84', 'Eligible for admission to next grade', 'Promoted', NULL, '0f277eff-430b-4e52-b142-37c5152ea931');
INSERT INTO public."AcademicRecord" (id, "studentName", "gradeLevel", section, "schoolYear", "generalAverage", remarks, status, "academicYearId", "studentId") VALUES ('fe1f7fbe-dc96-4e56-a180-97d29aa1413f', 'Gabriel Martin Salazar', 'Grade 2', 'A', '2021-2022', '83', 'Eligible for admission to next grade', 'Promoted', NULL, '0f277eff-430b-4e52-b142-37c5152ea931');
INSERT INTO public."AcademicRecord" (id, "studentName", "gradeLevel", section, "schoolYear", "generalAverage", remarks, status, "academicYearId", "studentId") VALUES ('fe0d21a8-2336-404f-9b6e-e9ade2e20824', 'Gabriel Martin Salazar', 'Grade 3', 'A', '2022-2023', '80', 'Eligible for admission to next grade', 'Promoted', NULL, '0f277eff-430b-4e52-b142-37c5152ea931');
INSERT INTO public."AcademicRecord" (id, "studentName", "gradeLevel", section, "schoolYear", "generalAverage", remarks, status, "academicYearId", "studentId") VALUES ('c7518144-d9e4-4198-bf68-303919281e05', 'Gabriel Martin Salazar', 'Grade 4', 'A', '2023-2024', '95', 'Eligible for admission to next grade', 'Promoted', NULL, '0f277eff-430b-4e52-b142-37c5152ea931');
INSERT INTO public."AcademicRecord" (id, "studentName", "gradeLevel", section, "schoolYear", "generalAverage", remarks, status, "academicYearId", "studentId") VALUES ('7a0fcb09-1929-4cc4-86a1-9812edb37eea', 'Gabriel Martin Salazar', 'Grade 5', 'A', '2024-2025', '83', 'Eligible for admission to next grade', 'Promoted', NULL, '0f277eff-430b-4e52-b142-37c5152ea931');
INSERT INTO public."AcademicRecord" (id, "studentName", "gradeLevel", section, "schoolYear", "generalAverage", remarks, status, "academicYearId", "studentId") VALUES ('7bbb4e9a-20cc-4738-b452-ee01bcf83096', 'Eula Mae Palma Dadula', 'Grade 1', 'A', '2023-2024', '89', 'Eligible for admission to next grade', 'Promoted', NULL, '19bf6104-042a-467c-abd7-2154e731bc25');
INSERT INTO public."AcademicRecord" (id, "studentName", "gradeLevel", section, "schoolYear", "generalAverage", remarks, status, "academicYearId", "studentId") VALUES ('7388a2ed-74ab-4885-a6af-fae30e384d83', 'Eula Mae Palma Dadula', 'Grade 2', 'A', '2024-2025', '90', 'Eligible for admission to next grade', 'Promoted', NULL, '19bf6104-042a-467c-abd7-2154e731bc25');
INSERT INTO public."AcademicRecord" (id, "studentName", "gradeLevel", section, "schoolYear", "generalAverage", remarks, status, "academicYearId", "studentId") VALUES ('87fef48b-a5c2-487c-90c3-66a521e806dd', 'Clint Jacob Caparida', 'Grade 1', 'A', '2024-2025', '91', 'Eligible for admission to next grade', 'Promoted', NULL, '1e57c8f8-bdf6-4a95-b5d4-cac5dabc5359');
INSERT INTO public."AcademicRecord" (id, "studentName", "gradeLevel", section, "schoolYear", "generalAverage", remarks, status, "academicYearId", "studentId") VALUES ('4533f017-eefa-4571-957f-bd2da38f1301', 'Alexa Suaring', 'Grade 1', 'A', '2023-2024', '93', 'Eligible for admission to next grade', 'Promoted', NULL, '2515fb64-2e29-4543-847e-9e1bc661d984');
INSERT INTO public."AcademicRecord" (id, "studentName", "gradeLevel", section, "schoolYear", "generalAverage", remarks, status, "academicYearId", "studentId") VALUES ('158d654b-03ee-4079-8b4b-5cb962656cbd', 'Alexa Suaring', 'Grade 2', 'A', '2024-2025', '89', 'Eligible for admission to next grade', 'Promoted', NULL, '2515fb64-2e29-4543-847e-9e1bc661d984');
INSERT INTO public."AcademicRecord" (id, "studentName", "gradeLevel", section, "schoolYear", "generalAverage", remarks, status, "academicYearId", "studentId") VALUES ('c957a8db-c154-479e-9140-3dd70108a07e', 'Hermes Clyd Compendio', 'Grade 1', 'A', '2022-2023', '87', 'Eligible for admission to next grade', 'Promoted', NULL, '25c0319d-87d5-42b0-9a5d-93c4dea2e592');
INSERT INTO public."AcademicRecord" (id, "studentName", "gradeLevel", section, "schoolYear", "generalAverage", remarks, status, "academicYearId", "studentId") VALUES ('28267d0d-c91a-4ce4-8660-0ab31a294555', 'Hermes Clyd Compendio', 'Grade 2', 'A', '2023-2024', '88', 'Eligible for admission to next grade', 'Promoted', NULL, '25c0319d-87d5-42b0-9a5d-93c4dea2e592');
INSERT INTO public."AcademicRecord" (id, "studentName", "gradeLevel", section, "schoolYear", "generalAverage", remarks, status, "academicYearId", "studentId") VALUES ('c96eeba8-1234-44f9-a002-ac934c2eab6e', 'Hermes Clyd Compendio', 'Grade 3', 'A', '2024-2025', '92', 'Eligible for admission to next grade', 'Promoted', NULL, '25c0319d-87d5-42b0-9a5d-93c4dea2e592');
INSERT INTO public."AcademicRecord" (id, "studentName", "gradeLevel", section, "schoolYear", "generalAverage", remarks, status, "academicYearId", "studentId") VALUES ('37027cdd-6fef-4baf-b20e-57292051d277', 'Student 3 Test', 'Grade 1', 'A', '2016-2017', '81', 'Eligible for admission to next grade', 'Promoted', NULL, '28cddf98-7675-475e-bd49-fc2395e6de7a');
INSERT INTO public."AcademicRecord" (id, "studentName", "gradeLevel", section, "schoolYear", "generalAverage", remarks, status, "academicYearId", "studentId") VALUES ('6df8149e-fa5a-4165-a5fc-0ad1cc57e5e7', 'Student 3 Test', 'Grade 2', 'A', '2017-2018', '87', 'Eligible for admission to next grade', 'Promoted', NULL, '28cddf98-7675-475e-bd49-fc2395e6de7a');
INSERT INTO public."AcademicRecord" (id, "studentName", "gradeLevel", section, "schoolYear", "generalAverage", remarks, status, "academicYearId", "studentId") VALUES ('74eb5067-1c95-4286-b2ac-354c5a525b4d', 'Student 3 Test', 'Grade 3', 'A', '2018-2019', '91', 'Eligible for admission to next grade', 'Promoted', NULL, '28cddf98-7675-475e-bd49-fc2395e6de7a');
INSERT INTO public."AcademicRecord" (id, "studentName", "gradeLevel", section, "schoolYear", "generalAverage", remarks, status, "academicYearId", "studentId") VALUES ('c48239f9-4c82-4aa6-a813-d38d8bb73a34', 'Student 3 Test', 'Grade 4', 'A', '2019-2020', '82', 'Eligible for admission to next grade', 'Promoted', NULL, '28cddf98-7675-475e-bd49-fc2395e6de7a');
INSERT INTO public."AcademicRecord" (id, "studentName", "gradeLevel", section, "schoolYear", "generalAverage", remarks, status, "academicYearId", "studentId") VALUES ('4c07fdfa-0871-463b-b4f2-c6d3f5abc492', 'Student 3 Test', 'Grade 5', 'A', '2020-2021', '83', 'Eligible for admission to next grade', 'Promoted', NULL, '28cddf98-7675-475e-bd49-fc2395e6de7a');
INSERT INTO public."AcademicRecord" (id, "studentName", "gradeLevel", section, "schoolYear", "generalAverage", remarks, status, "academicYearId", "studentId") VALUES ('956042ae-ff3a-4d5b-a2f8-4a2c50491b33', 'Student 3 Test', 'Grade 6', 'A', '2021-2022', '94', 'Eligible for admission to next grade', 'Promoted', NULL, '28cddf98-7675-475e-bd49-fc2395e6de7a');
INSERT INTO public."AcademicRecord" (id, "studentName", "gradeLevel", section, "schoolYear", "generalAverage", remarks, status, "academicYearId", "studentId") VALUES ('5f0a75e1-cd3c-4b85-8ad9-7a3596b399c7', 'Student 3 Test', 'Grade 7', 'A', '2022-2023', '84', 'Eligible for admission to next grade', 'Promoted', NULL, '28cddf98-7675-475e-bd49-fc2395e6de7a');
INSERT INTO public."AcademicRecord" (id, "studentName", "gradeLevel", section, "schoolYear", "generalAverage", remarks, status, "academicYearId", "studentId") VALUES ('239e5ea9-1338-470e-b991-2f2e2977a968', 'Student 3 Test', 'Grade 8', 'A', '2023-2024', '84', 'Eligible for admission to next grade', 'Promoted', NULL, '28cddf98-7675-475e-bd49-fc2395e6de7a');
INSERT INTO public."AcademicRecord" (id, "studentName", "gradeLevel", section, "schoolYear", "generalAverage", remarks, status, "academicYearId", "studentId") VALUES ('356f2987-9ebb-41c5-93b9-d9254ef7a969', 'Student 3 Test', 'Grade 9', 'A', '2024-2025', '87', 'Eligible for admission to next grade', 'Promoted', NULL, '28cddf98-7675-475e-bd49-fc2395e6de7a');
INSERT INTO public."AcademicRecord" (id, "studentName", "gradeLevel", section, "schoolYear", "generalAverage", remarks, status, "academicYearId", "studentId") VALUES ('0d71fbd5-2a6f-431c-9132-4d6edfb9da82', 'Almera Hope Apellanes', 'Grade 1', 'A', '2019-2020', '85', 'Eligible for admission to next grade', 'Promoted', NULL, '2fd8d88c-4826-484b-897e-999665fb9622');
INSERT INTO public."AcademicRecord" (id, "studentName", "gradeLevel", section, "schoolYear", "generalAverage", remarks, status, "academicYearId", "studentId") VALUES ('0499bc1b-dd63-47fc-86fe-c2762a3f6f67', 'Almera Hope Apellanes', 'Grade 2', 'A', '2020-2021', '93', 'Eligible for admission to next grade', 'Promoted', NULL, '2fd8d88c-4826-484b-897e-999665fb9622');
INSERT INTO public."AcademicRecord" (id, "studentName", "gradeLevel", section, "schoolYear", "generalAverage", remarks, status, "academicYearId", "studentId") VALUES ('6326c14f-1107-4d25-939e-6ff74d97c01e', 'Almera Hope Apellanes', 'Grade 3', 'A', '2021-2022', '90', 'Eligible for admission to next grade', 'Promoted', NULL, '2fd8d88c-4826-484b-897e-999665fb9622');
INSERT INTO public."AcademicRecord" (id, "studentName", "gradeLevel", section, "schoolYear", "generalAverage", remarks, status, "academicYearId", "studentId") VALUES ('ce507d22-27a3-47ec-a43d-6013436d1d71', 'Almera Hope Apellanes', 'Grade 4', 'A', '2022-2023', '95', 'Eligible for admission to next grade', 'Promoted', NULL, '2fd8d88c-4826-484b-897e-999665fb9622');
INSERT INTO public."AcademicRecord" (id, "studentName", "gradeLevel", section, "schoolYear", "generalAverage", remarks, status, "academicYearId", "studentId") VALUES ('a1b375c1-1e40-4810-a449-02f6c9faa16e', 'Almera Hope Apellanes', 'Grade 5', 'A', '2023-2024', '86', 'Eligible for admission to next grade', 'Promoted', NULL, '2fd8d88c-4826-484b-897e-999665fb9622');
INSERT INTO public."AcademicRecord" (id, "studentName", "gradeLevel", section, "schoolYear", "generalAverage", remarks, status, "academicYearId", "studentId") VALUES ('2f384732-cdb2-4a58-bf29-9b606d310e24', 'Almera Hope Apellanes', 'Grade 6', 'A', '2024-2025', '90', 'Eligible for admission to next grade', 'Promoted', NULL, '2fd8d88c-4826-484b-897e-999665fb9622');
INSERT INTO public."AcademicRecord" (id, "studentName", "gradeLevel", section, "schoolYear", "generalAverage", remarks, status, "academicYearId", "studentId") VALUES ('21e95403-2aee-4ee8-8553-efbf108ff0d9', 'Meldwin Payot', 'Grade 1', 'A', '2023-2024', '80', 'Eligible for admission to next grade', 'Promoted', NULL, '2fe41085-311d-4477-8ceb-76dc1dc1f423');
INSERT INTO public."AcademicRecord" (id, "studentName", "gradeLevel", section, "schoolYear", "generalAverage", remarks, status, "academicYearId", "studentId") VALUES ('1243331c-05ed-4d57-996c-2d891dd68bda', 'Meldwin Payot', 'Grade 2', 'A', '2024-2025', '91', 'Eligible for admission to next grade', 'Promoted', NULL, '2fe41085-311d-4477-8ceb-76dc1dc1f423');
INSERT INTO public."AcademicRecord" (id, "studentName", "gradeLevel", section, "schoolYear", "generalAverage", remarks, status, "academicYearId", "studentId") VALUES ('da89d103-ac9d-4ec1-9a12-67443351530d', 'Student 9 Test', 'Grade 1', 'A', '2016-2017', '89', 'Eligible for admission to next grade', 'Promoted', NULL, '30f32460-8cb9-48ce-b707-4a12ce1c539c');
INSERT INTO public."AcademicRecord" (id, "studentName", "gradeLevel", section, "schoolYear", "generalAverage", remarks, status, "academicYearId", "studentId") VALUES ('de87e489-a7d6-41ac-95ca-876bca8bf847', 'Student 9 Test', 'Grade 2', 'A', '2017-2018', '93', 'Eligible for admission to next grade', 'Promoted', NULL, '30f32460-8cb9-48ce-b707-4a12ce1c539c');
INSERT INTO public."AcademicRecord" (id, "studentName", "gradeLevel", section, "schoolYear", "generalAverage", remarks, status, "academicYearId", "studentId") VALUES ('383f2514-5ff0-4aea-a8d4-82963146d3c5', 'Student 9 Test', 'Grade 3', 'A', '2018-2019', '81', 'Eligible for admission to next grade', 'Promoted', NULL, '30f32460-8cb9-48ce-b707-4a12ce1c539c');
INSERT INTO public."AcademicRecord" (id, "studentName", "gradeLevel", section, "schoolYear", "generalAverage", remarks, status, "academicYearId", "studentId") VALUES ('6ba42779-826d-4ecd-8abf-25a65b0e2214', 'Student 9 Test', 'Grade 4', 'A', '2019-2020', '92', 'Eligible for admission to next grade', 'Promoted', NULL, '30f32460-8cb9-48ce-b707-4a12ce1c539c');
INSERT INTO public."AcademicRecord" (id, "studentName", "gradeLevel", section, "schoolYear", "generalAverage", remarks, status, "academicYearId", "studentId") VALUES ('d357da10-c238-41b6-8451-b20598b757d4', 'Student 9 Test', 'Grade 5', 'A', '2020-2021', '88', 'Eligible for admission to next grade', 'Promoted', NULL, '30f32460-8cb9-48ce-b707-4a12ce1c539c');
INSERT INTO public."AcademicRecord" (id, "studentName", "gradeLevel", section, "schoolYear", "generalAverage", remarks, status, "academicYearId", "studentId") VALUES ('77fa95bf-c15e-4321-858f-a2ab7982597f', 'Student 9 Test', 'Grade 6', 'A', '2021-2022', '94', 'Eligible for admission to next grade', 'Promoted', NULL, '30f32460-8cb9-48ce-b707-4a12ce1c539c');
INSERT INTO public."AcademicRecord" (id, "studentName", "gradeLevel", section, "schoolYear", "generalAverage", remarks, status, "academicYearId", "studentId") VALUES ('648564bc-de89-4317-afec-44ad05cd08ad', 'Student 9 Test', 'Grade 7', 'A', '2022-2023', '91', 'Eligible for admission to next grade', 'Promoted', NULL, '30f32460-8cb9-48ce-b707-4a12ce1c539c');
INSERT INTO public."AcademicRecord" (id, "studentName", "gradeLevel", section, "schoolYear", "generalAverage", remarks, status, "academicYearId", "studentId") VALUES ('85e592e2-e500-44cf-a0f8-c7b4867c7676', 'Student 9 Test', 'Grade 8', 'A', '2023-2024', '86', 'Eligible for admission to next grade', 'Promoted', NULL, '30f32460-8cb9-48ce-b707-4a12ce1c539c');
INSERT INTO public."AcademicRecord" (id, "studentName", "gradeLevel", section, "schoolYear", "generalAverage", remarks, status, "academicYearId", "studentId") VALUES ('e9d428e0-8778-4c09-aad4-bc5527c79df0', 'Student 9 Test', 'Grade 9', 'A', '2024-2025', '89', 'Eligible for admission to next grade', 'Promoted', NULL, '30f32460-8cb9-48ce-b707-4a12ce1c539c');
INSERT INTO public."AcademicRecord" (id, "studentName", "gradeLevel", section, "schoolYear", "generalAverage", remarks, status, "academicYearId", "studentId") VALUES ('e39b56fa-98f3-47e2-8176-db1f93c1c509', 'Zach Kylo Mabaya Corpez', 'Grade 1', 'A', '2024-2025', '85', 'Eligible for admission to next grade', 'Promoted', NULL, '3231e0b4-f34a-4c2a-9d22-7c11cc3e73e9');
INSERT INTO public."AcademicRecord" (id, "studentName", "gradeLevel", section, "schoolYear", "generalAverage", remarks, status, "academicYearId", "studentId") VALUES ('76f75960-699d-407b-af32-68e80b7a322a', 'Christian Casilagan', 'Grade 1', 'A', '2017-2018', '94', 'Eligible for admission to next grade', 'Promoted', NULL, '3594934b-a63b-4122-bec7-ed8896ae774e');
INSERT INTO public."AcademicRecord" (id, "studentName", "gradeLevel", section, "schoolYear", "generalAverage", remarks, status, "academicYearId", "studentId") VALUES ('7bae240d-0792-47f5-a9c0-0dd5e1e0914c', 'Christian Casilagan', 'Grade 2', 'A', '2018-2019', '94', 'Eligible for admission to next grade', 'Promoted', NULL, '3594934b-a63b-4122-bec7-ed8896ae774e');
INSERT INTO public."AcademicRecord" (id, "studentName", "gradeLevel", section, "schoolYear", "generalAverage", remarks, status, "academicYearId", "studentId") VALUES ('9a5e1ebf-24f8-48c1-afc8-eb5ab0ef9f22', 'Christian Casilagan', 'Grade 3', 'A', '2019-2020', '81', 'Eligible for admission to next grade', 'Promoted', NULL, '3594934b-a63b-4122-bec7-ed8896ae774e');
INSERT INTO public."AcademicRecord" (id, "studentName", "gradeLevel", section, "schoolYear", "generalAverage", remarks, status, "academicYearId", "studentId") VALUES ('f3cee810-74a9-45aa-955c-04d6d7312d77', 'Christian Casilagan', 'Grade 4', 'A', '2020-2021', '94', 'Eligible for admission to next grade', 'Promoted', NULL, '3594934b-a63b-4122-bec7-ed8896ae774e');
INSERT INTO public."AcademicRecord" (id, "studentName", "gradeLevel", section, "schoolYear", "generalAverage", remarks, status, "academicYearId", "studentId") VALUES ('694ce3f3-f272-486e-8a8e-d37b6fd43f9e', 'Christian Casilagan', 'Grade 5', 'A', '2021-2022', '84', 'Eligible for admission to next grade', 'Promoted', NULL, '3594934b-a63b-4122-bec7-ed8896ae774e');
INSERT INTO public."AcademicRecord" (id, "studentName", "gradeLevel", section, "schoolYear", "generalAverage", remarks, status, "academicYearId", "studentId") VALUES ('2f045e29-7bde-40aa-b45d-1f793a163161', 'Christian Casilagan', 'Grade 6', 'A', '2022-2023', '94', 'Eligible for admission to next grade', 'Promoted', NULL, '3594934b-a63b-4122-bec7-ed8896ae774e');
INSERT INTO public."AcademicRecord" (id, "studentName", "gradeLevel", section, "schoolYear", "generalAverage", remarks, status, "academicYearId", "studentId") VALUES ('f4fc8f3b-2007-4586-848e-2cb44b679431', 'Christian Casilagan', 'Grade 7', 'A', '2023-2024', '88', 'Eligible for admission to next grade', 'Promoted', NULL, '3594934b-a63b-4122-bec7-ed8896ae774e');
INSERT INTO public."AcademicRecord" (id, "studentName", "gradeLevel", section, "schoolYear", "generalAverage", remarks, status, "academicYearId", "studentId") VALUES ('d144fb3e-392b-44f5-b856-6ce4867eab4a', 'Christian Casilagan', 'Grade 8', 'A', '2024-2025', '85', 'Eligible for admission to next grade', 'Promoted', NULL, '3594934b-a63b-4122-bec7-ed8896ae774e');
INSERT INTO public."AcademicRecord" (id, "studentName", "gradeLevel", section, "schoolYear", "generalAverage", remarks, status, "academicYearId", "studentId") VALUES ('7379960c-301c-4e7f-a5fd-81bb37922385', 'Student 2 Test', 'Grade 1', 'A', '2017-2018', '91', 'Eligible for admission to next grade', 'Promoted', NULL, '3d292f19-aeba-4eaf-8423-c7ec8b536f6f');
INSERT INTO public."AcademicRecord" (id, "studentName", "gradeLevel", section, "schoolYear", "generalAverage", remarks, status, "academicYearId", "studentId") VALUES ('99ce4ec3-27e8-4e94-be88-c548cabf1990', 'Student 2 Test', 'Grade 2', 'A', '2018-2019', '88', 'Eligible for admission to next grade', 'Promoted', NULL, '3d292f19-aeba-4eaf-8423-c7ec8b536f6f');
INSERT INTO public."AcademicRecord" (id, "studentName", "gradeLevel", section, "schoolYear", "generalAverage", remarks, status, "academicYearId", "studentId") VALUES ('5564541f-ad5f-4182-804a-58d98036da33', 'Student 2 Test', 'Grade 3', 'A', '2019-2020', '91', 'Eligible for admission to next grade', 'Promoted', NULL, '3d292f19-aeba-4eaf-8423-c7ec8b536f6f');
INSERT INTO public."AcademicRecord" (id, "studentName", "gradeLevel", section, "schoolYear", "generalAverage", remarks, status, "academicYearId", "studentId") VALUES ('5e56039a-d284-4c9e-92fa-fe49e4ab6b39', 'Student 2 Test', 'Grade 4', 'A', '2020-2021', '82', 'Eligible for admission to next grade', 'Promoted', NULL, '3d292f19-aeba-4eaf-8423-c7ec8b536f6f');
INSERT INTO public."AcademicRecord" (id, "studentName", "gradeLevel", section, "schoolYear", "generalAverage", remarks, status, "academicYearId", "studentId") VALUES ('dba7395a-7c03-4045-8b82-2a942f82b6c3', 'Student 2 Test', 'Grade 5', 'A', '2021-2022', '91', 'Eligible for admission to next grade', 'Promoted', NULL, '3d292f19-aeba-4eaf-8423-c7ec8b536f6f');
INSERT INTO public."AcademicRecord" (id, "studentName", "gradeLevel", section, "schoolYear", "generalAverage", remarks, status, "academicYearId", "studentId") VALUES ('3ed1b011-f704-4bd5-b0f9-0cfb97f13d39', 'Student 2 Test', 'Grade 6', 'A', '2022-2023', '92', 'Eligible for admission to next grade', 'Promoted', NULL, '3d292f19-aeba-4eaf-8423-c7ec8b536f6f');
INSERT INTO public."AcademicRecord" (id, "studentName", "gradeLevel", section, "schoolYear", "generalAverage", remarks, status, "academicYearId", "studentId") VALUES ('dbee019d-56c4-4ad5-a961-3fdce007439c', 'Student 2 Test', 'Grade 7', 'A', '2023-2024', '84', 'Eligible for admission to next grade', 'Promoted', NULL, '3d292f19-aeba-4eaf-8423-c7ec8b536f6f');
INSERT INTO public."AcademicRecord" (id, "studentName", "gradeLevel", section, "schoolYear", "generalAverage", remarks, status, "academicYearId", "studentId") VALUES ('caef6673-0ed7-4516-adde-5d17845127f0', 'Student 2 Test', 'Grade 8', 'A', '2024-2025', '88', 'Eligible for admission to next grade', 'Promoted', NULL, '3d292f19-aeba-4eaf-8423-c7ec8b536f6f');


--
-- Data for Name: BehaviorRecord; Type: TABLE DATA; Schema: public; Owner: -
--



--
-- Data for Name: CalendarEvent; Type: TABLE DATA; Schema: public; Owner: -
--

INSERT INTO public."CalendarEvent" (id, title, description, "eventDate", "endDate", "eventType", color, "academicYearId", "createdAt", "updatedAt") VALUES ('99f58cbe-d0ed-457f-9153-2aa4f6b13a29', 'Test1', NULL, '2026-06-16 00:00:00', NULL, 'Holiday', '#ef4444', NULL, '2026-06-16 04:33:26.986', '2026-06-16 04:33:26.986');
INSERT INTO public."CalendarEvent" (id, title, description, "eventDate", "endDate", "eventType", color, "academicYearId", "createdAt", "updatedAt") VALUES ('ea4cf81f-1c24-42b0-9404-cd80b4c802b7', 'Meeting', NULL, '2026-06-16 00:00:00', NULL, 'Meeting', '#3b82f6', NULL, '2026-06-16 04:33:33.634', '2026-06-16 04:33:33.634');
INSERT INTO public."CalendarEvent" (id, title, description, "eventDate", "endDate", "eventType", color, "academicYearId", "createdAt", "updatedAt") VALUES ('8dc45216-d2e8-49c2-adb4-047a62c71413', 'Exam', NULL, '2026-06-17 00:00:00', NULL, 'Exam', '#f59e0b', NULL, '2026-06-16 04:34:05.232', '2026-06-16 04:34:05.232');


--
-- Data for Name: User; Type: TABLE DATA; Schema: public; Owner: -
--

INSERT INTO public."User" (id, email, password, role, "studentId", "createdAt", "avatarFileId", "avatarUrl") VALUES ('10ae0372-3dbb-4024-bbc8-0e7beefb2bed', 'sottodennis@gmail.com', '$2b$10$bnx4tPRllb2FU1dAV6uXb.REtD6tMgDE208kn2pjAwK7DS78VVYwa', 'ADMIN', NULL, '2026-06-10 15:58:08.335', NULL, NULL);
INSERT INTO public."User" (id, email, password, role, "studentId", "createdAt", "avatarFileId", "avatarUrl") VALUES ('af490318-6e0b-4e99-a28b-efac84e0b897', 'ivyann@sfxsai.com', '$2b$10$cIl.3C5Hv17jOPbt6n1eO.6G./bC2AyhGTnJv1cAW1mgPzgqejPl2', 'FINANCE', NULL, '2026-06-10 15:58:08.459', NULL, NULL);
INSERT INTO public."User" (id, email, password, role, "studentId", "createdAt", "avatarFileId", "avatarUrl") VALUES ('d7db83a9-a235-42aa-a5a5-6eabe4510441', 'kyrztanmark.llemit', '$2b$10$PXEqNPwELShu16/0DobTE.oUMJXVFM2S.t89XZ/wPm9VWzN8G0Qp6', 'STUDENT', '9f00f169-0d39-4b08-8274-863ed604d096', '2026-06-11 14:15:52.687', NULL, NULL);
INSERT INTO public."User" (id, email, password, role, "studentId", "createdAt", "avatarFileId", "avatarUrl") VALUES ('ebd7c937-c5d4-4463-b5c9-34ae87f2d916', 'chrislouie.sayod', '$2b$10$M7rhJ.5M2Ur931DCrGCBI.0hEJQFS2yQTGkx958MkXknjpU5VQGAW', 'STUDENT', 'ef81de5f-9a82-4525-8fc6-d3309bedceb4', '2026-06-11 14:15:52.755', NULL, NULL);
INSERT INTO public."User" (id, email, password, role, "studentId", "createdAt", "avatarFileId", "avatarUrl") VALUES ('5c51d5ba-d945-4b08-9404-2c9ac5fd1594', 'shaniahvanadeilebaresos.libres', '$2b$10$UeFlHuYfPmG5SmXu5k48z.XMcd6/6JnzupdJcxbxkGzKpfvgTqVta', 'STUDENT', '7895eb39-cc95-4fae-b5c9-3f5d21031f2f', '2026-06-15 17:56:03.295', NULL, NULL);
INSERT INTO public."User" (id, email, password, role, "studentId", "createdAt", "avatarFileId", "avatarUrl") VALUES ('11537085-5d19-414d-b84b-47e70d08dadd', 'zachkylomabaya.corpez', '$2b$10$uj1oN/K030BBDIGxxuGnSO6wS2EzrZFtuN.6o0NVHUUiGjUusYq22', 'STUDENT', '3231e0b4-f34a-4c2a-9d22-7c11cc3e73e9', '2026-06-15 17:56:04.553', NULL, NULL);
INSERT INTO public."User" (id, email, password, role, "studentId", "createdAt", "avatarFileId", "avatarUrl") VALUES ('d02de544-b8f5-4620-8a00-37b41f8b03cb', 'jbriones.13579@gmail.com', '$2b$10$3lfvXhl3UztQl0drLMsW7uyveOge4dZaiziZa4Hd8.LYSPmLbhBMu', 'TEACHER', NULL, '2026-06-15 10:40:49.621', NULL, NULL);
INSERT INTO public."User" (id, email, password, role, "studentId", "createdAt", "avatarFileId", "avatarUrl") VALUES ('24b38f39-b25d-4db4-b6ba-f709bdddd3f9', 'shaylene0622@gmail.com', '$2b$10$I13Uk8NyHUWanls9qIDDXe6sd3yvW0D6UqCSbyc3bcBjVuf96YGDC', 'TEACHER', NULL, '2026-06-15 10:40:51.733', '922cde0c-d747-4742-8d3b-6bb563fc3fec', 'http://no6lru25xpjojoyaun773wu5.167.233.69.52.sslip.io/storage/staff/24b38f39-b25d-4db4-b6ba-f709bdddd3f9/avatar/922cde0c-d747-4742-8d3b-6bb563fc3fec-chatgpt-image-jun-8-2026-12-59-34-am.png');
INSERT INTO public."User" (id, email, password, role, "studentId", "createdAt", "avatarFileId", "avatarUrl") VALUES ('1470a945-9b65-4421-bd21-05d88c586cf6', 'melodydawndadios@gmail.com', '$2b$10$yjX7kZsiAciczpXTn/tjt.qfg.9W7AnpBzARSfbsZteqGjFZcPGTS', 'TEACHER', NULL, '2026-06-15 10:40:50.678', NULL, NULL);
INSERT INTO public."User" (id, email, password, role, "studentId", "createdAt", "avatarFileId", "avatarUrl") VALUES ('ded0ca48-f838-42b5-932b-dd4da9926274', 'johninmae26dadula@gmail.com', '$2b$10$d6P0WFr96ynFGOlUjTSWcO4zUQBPBrP2HOQy55IjqeNcAPGutQ7..', 'TEACHER', NULL, '2026-06-15 10:40:48.383', NULL, NULL);
INSERT INTO public."User" (id, email, password, role, "studentId", "createdAt", "avatarFileId", "avatarUrl") VALUES ('90134318-ac84-491a-9ba0-01478258f1e1', 'ychemlie@gmail.com', '$2b$10$Da72Txy267/t.oMO6l0fSOvxlaADywlQ1dqCrrcPxpG2GsHsZ2iQ.', 'TEACHER', NULL, '2026-06-15 10:39:23.99', NULL, NULL);
INSERT INTO public."User" (id, email, password, role, "studentId", "createdAt", "avatarFileId", "avatarUrl") VALUES ('cfb632f2-7336-461f-a1d1-fe3b24e0bccc', 'casandradante18@gmail.com', '$2b$10$F7PTdvp59U4NiGZkKvXu1.RPgE0wrMv4SqVWVrd8i76FQIibvZQpG', 'TEACHER', NULL, '2026-06-15 10:35:50.343', NULL, NULL);
INSERT INTO public."User" (id, email, password, role, "studentId", "createdAt", "avatarFileId", "avatarUrl") VALUES ('d0efc040-26b5-4ad4-8373-6d2eba4ae8fb', 'arahellianna.estelemera', '$2b$10$/lQabcRwhb/aDvkLvFpEeeXY4XT4FMAIngdYvQBGrEtJVOek04deS', 'STUDENT', '8621d6b3-ed02-4386-b4f0-59c86cff9b24', '2026-06-15 14:31:05.657', NULL, NULL);
INSERT INTO public."User" (id, email, password, role, "studentId", "createdAt", "avatarFileId", "avatarUrl") VALUES ('bf1e0d2b-ea77-49c7-8423-790fcc561ce3', 'almerahope.apellanes', '$2b$10$tXwvl6DTSExif4O7V9IVOeS9E0FybfNmxiCxf1lftjqdP/x/6UI8m', 'STUDENT', '2fd8d88c-4826-484b-897e-999665fb9622', '2026-06-15 14:31:32.851', NULL, NULL);
INSERT INTO public."User" (id, email, password, role, "studentId", "createdAt", "avatarFileId", "avatarUrl") VALUES ('2f41ffce-d3a2-43b9-af24-4c9c8d63bd8f', 'rene@sfxsai.com', '$2b$10$E7xEmoo45IonW5lk/MZux.9htmq8oHM.ZU0bUuHR6yeMzM3Iya3/u', 'REGISTRAR', NULL, '2026-06-10 15:58:08.396', 'f6a5f1b8-65d9-4311-96e0-d5afc833beea', 'http://stfrancis.mabdc.com/storage/staff/2f41ffce-d3a2-43b9-af24-4c9c8d63bd8f/avatar/f6a5f1b8-65d9-4311-96e0-d5afc833beea-dllhost-ovsf6btpld.png');
INSERT INTO public."User" (id, email, password, role, "studentId", "createdAt", "avatarFileId", "avatarUrl") VALUES ('61611285-b44c-4e4d-a1f9-c6a62c4f2bbd', 'ezrah.arroyo', '$2b$10$YoQSwMAqDTTjlCGbGTTZJe4q01hteVFhxFnVzpEudNlUzxjF7073O', 'STUDENT', 'bd87953a-bb72-4ab5-920a-13f6eab63d74', '2026-06-15 17:55:56.774', NULL, NULL);
INSERT INTO public."User" (id, email, password, role, "studentId", "createdAt", "avatarFileId", "avatarUrl") VALUES ('71275a58-a7a9-48d4-b03e-75fcae9f7b5c', 'clintjacob.caparida', '$2b$10$4za3YLBqgw/aWwBGESmGe.3LmgHuNBDsXUO7HDZRCtl4R5puqFb/K', 'STUDENT', '1e57c8f8-bdf6-4a95-b5d4-cac5dabc5359', '2026-06-15 17:55:58.262', NULL, NULL);
INSERT INTO public."User" (id, email, password, role, "studentId", "createdAt", "avatarFileId", "avatarUrl") VALUES ('7de3e1ca-b248-451d-b03e-20b33619fe88', 'jaydenkris.dargantes', '$2b$10$U5ffbLl.S.q1sXhI7I9AkuvqEBnERfrQ3M1BFIAqiqodzH8D8XFSa', 'STUDENT', '5244dc5d-d2ee-4d26-ab1b-88c925320592', '2026-06-15 17:55:59.527', NULL, NULL);
INSERT INTO public."User" (id, email, password, role, "studentId", "createdAt", "avatarFileId", "avatarUrl") VALUES ('ca4a1eea-47ce-488a-873d-379b29f1f5da', 'mieltavin.gudmaling', '$2b$10$sl/1pR6hu6pXI.l/VsNdle4xnSV12rVxvFdhq68hBeBaY1ZvDsgkS', 'STUDENT', 'a37f9137-443c-4156-be0c-735db789c056', '2026-06-15 17:56:00.769', NULL, NULL);
INSERT INTO public."User" (id, email, password, role, "studentId", "createdAt", "avatarFileId", "avatarUrl") VALUES ('53a5319f-1cbd-4dc2-9283-c5c64079fec0', 'dominicromiel.mandam', '$2b$10$oq4DX1yC.KpDYF5zNd05U.fT/WupQIvmtXJejFOeOyq8OXPaVo9S2', 'STUDENT', 'a359dae9-68d9-4cc3-bb80-a547aefc8097', '2026-06-15 17:56:02.037', NULL, NULL);
INSERT INTO public."User" (id, email, password, role, "studentId", "createdAt", "avatarFileId", "avatarUrl") VALUES ('0ebdf9dd-7363-4c1c-b39b-529127bc7a6b', 'alwinamarieestremos@gmail.com', '$2b$10$sxBUPx/NVzwcZXaerz7gNexTNdhSVXDyOYWuUCHnE06X73OC3fgWe', 'TEACHER', NULL, '2026-06-15 10:33:28.329', NULL, NULL);
INSERT INTO public."User" (id, email, password, role, "studentId", "createdAt", "avatarFileId", "avatarUrl") VALUES ('6fb17bcc-f306-45c9-a644-35b8143053de', 'principal@sfxsai.com', '$2b$10$JjwQfTkgj8wTkLVy5oizd.WF1U/h09Ch99UiCdeyeal.1Jv8bgkU2', 'PRINCIPAL', NULL, '2026-06-13 07:26:14.631', NULL, NULL);
INSERT INTO public."User" (id, email, password, role, "studentId", "createdAt", "avatarFileId", "avatarUrl") VALUES ('d5e1e99b-f109-44be-b3bb-0d5547f16d73', 'student1@sfxsai.com', '$2b$10$UScX26dpujVE1q704PFQsOO.Du57obOoEfmKG.9.CdVOpZkDDRLfG', 'STUDENT', NULL, '2026-06-13 06:51:24.515', NULL, NULL);
INSERT INTO public."User" (id, email, password, role, "studentId", "createdAt", "avatarFileId", "avatarUrl") VALUES ('1e04cc8a-6871-4861-9c0e-e803444c4de2', 'ababatsyrah@gmail.com', '$2b$10$zNdaSQjXbbwifVVfh0wzjelKpNOK.nxJOYw7w4mwBlwu3G3P34D/6', 'TEACHER', NULL, '2026-06-15 10:31:00.782', NULL, NULL);
INSERT INTO public."User" (id, email, password, role, "studentId", "createdAt", "avatarFileId", "avatarUrl") VALUES ('ee989e19-040b-4145-b354-1e8ac38e7588', 'teacher1@sfxsai.com', '$2b$10$17DoSmDMq1R6rzgj97wOue4p6DOtWbBOzNUGR9eDFc1TCnJpHiTE2', 'TEACHER', NULL, '2026-06-13 06:33:50.597', NULL, NULL);


--
-- Data for Name: ChatConversation; Type: TABLE DATA; Schema: public; Owner: -
--

INSERT INTO public."ChatConversation" (id, "ownerUserId", subject, status, "createdAt", "updatedAt") VALUES ('e468aa14-de86-44c8-bab6-2590cb363997', '2f41ffce-d3a2-43b9-af24-4c9c8d63bd8f', 'SFXSAI Support Chat', 'OPEN', '2026-06-14 07:53:32.867', '2026-06-14 07:53:32.867');
INSERT INTO public."ChatConversation" (id, "ownerUserId", subject, status, "createdAt", "updatedAt") VALUES ('f2f68509-2d73-42f5-bdfd-c193049deec6', 'ee989e19-040b-4145-b354-1e8ac38e7588', 'SFXSAI Support Chat', 'OPEN', '2026-06-14 07:47:14.323', '2026-06-15 06:59:32.328');
INSERT INTO public."ChatConversation" (id, "ownerUserId", subject, status, "createdAt", "updatedAt") VALUES ('9b573ff4-87db-4522-9e9e-2082bcf19ac2', '24b38f39-b25d-4db4-b6ba-f709bdddd3f9', 'SFXSAI Support Chat', 'OPEN', '2026-06-15 10:50:42.058', '2026-06-15 10:50:42.058');
INSERT INTO public."ChatConversation" (id, "ownerUserId", subject, status, "createdAt", "updatedAt") VALUES ('1dc0f874-effb-44a3-bfcf-d1a23f150d5c', 'd02de544-b8f5-4620-8a00-37b41f8b03cb', 'SFXSAI Support Chat', 'OPEN', '2026-06-15 11:57:56.467', '2026-06-15 11:57:56.467');
INSERT INTO public."ChatConversation" (id, "ownerUserId", subject, status, "createdAt", "updatedAt") VALUES ('ec90cab3-6e69-4c8f-8697-c772fcc5503c', '10ae0372-3dbb-4024-bbc8-0e7beefb2bed', 'SFXSAI Support Chat', 'OPEN', '2026-06-15 18:13:29.204', '2026-06-15 18:13:29.204');
INSERT INTO public."ChatConversation" (id, "ownerUserId", subject, status, "createdAt", "updatedAt") VALUES ('421a6a5a-7545-4b9f-ade6-910ed0922eff', 'af490318-6e0b-4e99-a28b-efac84e0b897', 'SFXSAI Support Chat', 'OPEN', '2026-06-16 15:01:46.102', '2026-06-16 17:04:59.683');
INSERT INTO public."ChatConversation" (id, "ownerUserId", subject, status, "createdAt", "updatedAt") VALUES ('cb34c806-d325-4009-85d6-9166ca2997a8', '1e04cc8a-6871-4861-9c0e-e803444c4de2', 'DIRECT:1e04cc8a-6871-4861-9c0e-e803444c4de2:ee989e19-040b-4145-b354-1e8ac38e7588', 'OPEN', '2026-06-16 15:47:25.987', '2026-06-16 15:47:25.987');
INSERT INTO public."ChatConversation" (id, "ownerUserId", subject, status, "createdAt", "updatedAt") VALUES ('20ba18ee-4498-4ded-a728-4a76d5a87983', 'ded0ca48-f838-42b5-932b-dd4da9926274', 'DIRECT:ded0ca48-f838-42b5-932b-dd4da9926274:ee989e19-040b-4145-b354-1e8ac38e7588', 'OPEN', '2026-06-16 15:47:29.156', '2026-06-16 15:47:29.156');
INSERT INTO public."ChatConversation" (id, "ownerUserId", subject, status, "createdAt", "updatedAt") VALUES ('b3797302-b670-4ff2-a17d-d4b58d85e640', '90134318-ac84-491a-9ba0-01478258f1e1', 'DIRECT:90134318-ac84-491a-9ba0-01478258f1e1:ee989e19-040b-4145-b354-1e8ac38e7588', 'OPEN', '2026-06-16 15:51:12.64', '2026-06-16 15:51:18.923');
INSERT INTO public."ChatConversation" (id, "ownerUserId", subject, status, "createdAt", "updatedAt") VALUES ('1e1b4fa0-a064-44ea-bc96-665765044fd0', 'bf1e0d2b-ea77-49c7-8423-790fcc561ce3', 'SFXSAI Support Chat', 'OPEN', '2026-06-16 15:52:40.345', '2026-06-16 15:52:40.345');
INSERT INTO public."ChatConversation" (id, "ownerUserId", subject, status, "createdAt", "updatedAt") VALUES ('dfe503d6-2747-4e18-90c0-dfd49fa5bd46', '0ebdf9dd-7363-4c1c-b39b-529127bc7a6b', 'SFXSAI Support Chat', 'OPEN', '2026-06-16 15:52:41.143', '2026-06-16 15:52:41.143');
INSERT INTO public."ChatConversation" (id, "ownerUserId", subject, status, "createdAt", "updatedAt") VALUES ('23b47f4e-a617-47c4-ab4c-eeb6083faaab', 'd0efc040-26b5-4ad4-8373-6d2eba4ae8fb', 'SFXSAI Support Chat', 'OPEN', '2026-06-16 15:52:41.757', '2026-06-16 15:52:41.757');
INSERT INTO public."ChatConversation" (id, "ownerUserId", subject, status, "createdAt", "updatedAt") VALUES ('c48cde30-252d-4a50-b21f-91ef27205424', 'cfb632f2-7336-461f-a1d1-fe3b24e0bccc', 'SFXSAI Support Chat', 'OPEN', '2026-06-16 15:52:42.371', '2026-06-16 15:52:42.371');
INSERT INTO public."ChatConversation" (id, "ownerUserId", subject, status, "createdAt", "updatedAt") VALUES ('bcfebba0-d639-4829-a9b8-ce2ebc522440', 'ebd7c937-c5d4-4463-b5c9-34ae87f2d916', 'SFXSAI Support Chat', 'OPEN', '2026-06-16 15:52:42.985', '2026-06-16 15:52:42.985');
INSERT INTO public."ChatConversation" (id, "ownerUserId", subject, status, "createdAt", "updatedAt") VALUES ('c949ddbe-852a-4a2e-bb4e-49f4698c2f3e', '71275a58-a7a9-48d4-b03e-75fcae9f7b5c', 'SFXSAI Support Chat', 'OPEN', '2026-06-16 15:52:43.6', '2026-06-16 15:52:43.6');
INSERT INTO public."ChatConversation" (id, "ownerUserId", subject, status, "createdAt", "updatedAt") VALUES ('27b7eafb-a6f3-41c4-bd6d-552b6f4d975b', '53a5319f-1cbd-4dc2-9283-c5c64079fec0', 'SFXSAI Support Chat', 'OPEN', '2026-06-16 15:52:44.215', '2026-06-16 15:52:44.215');
INSERT INTO public."ChatConversation" (id, "ownerUserId", subject, status, "createdAt", "updatedAt") VALUES ('8843d365-eee3-463c-84fb-5968a40bf904', '61611285-b44c-4e4d-a1f9-c6a62c4f2bbd', 'SFXSAI Support Chat', 'OPEN', '2026-06-16 15:52:44.828', '2026-06-16 15:52:44.828');
INSERT INTO public."ChatConversation" (id, "ownerUserId", subject, status, "createdAt", "updatedAt") VALUES ('00236e60-87c5-4bad-a9b7-006a6960eae1', '7de3e1ca-b248-451d-b03e-20b33619fe88', 'SFXSAI Support Chat', 'OPEN', '2026-06-16 15:52:45.707', '2026-06-16 15:52:45.707');
INSERT INTO public."ChatConversation" (id, "ownerUserId", subject, status, "createdAt", "updatedAt") VALUES ('3e73e742-94f7-4102-8ebc-80a1dde30faf', 'd7db83a9-a235-42aa-a5a5-6eabe4510441', 'SFXSAI Support Chat', 'OPEN', '2026-06-16 15:52:46.852', '2026-06-16 15:52:46.852');
INSERT INTO public."ChatConversation" (id, "ownerUserId", subject, status, "createdAt", "updatedAt") VALUES ('5a697fdf-3d46-4c86-920c-727d722373a1', '1470a945-9b65-4421-bd21-05d88c586cf6', 'SFXSAI Support Chat', 'OPEN', '2026-06-16 15:52:47.467', '2026-06-16 15:52:47.467');
INSERT INTO public."ChatConversation" (id, "ownerUserId", subject, status, "createdAt", "updatedAt") VALUES ('dc836214-033f-4476-9dbb-eb440a20db9f', 'ca4a1eea-47ce-488a-873d-379b29f1f5da', 'SFXSAI Support Chat', 'OPEN', '2026-06-16 15:52:48.085', '2026-06-16 15:52:48.085');
INSERT INTO public."ChatConversation" (id, "ownerUserId", subject, status, "createdAt", "updatedAt") VALUES ('a6f27d92-e831-4553-afdf-f2b3c116bad1', '6fb17bcc-f306-45c9-a644-35b8143053de', 'SFXSAI Support Chat', 'OPEN', '2026-06-16 15:52:48.7', '2026-06-16 15:52:48.7');
INSERT INTO public."ChatConversation" (id, "ownerUserId", subject, status, "createdAt", "updatedAt") VALUES ('a6bafc7a-f30c-4927-93b7-8efbfd2b578e', '5c51d5ba-d945-4b08-9404-2c9ac5fd1594', 'SFXSAI Support Chat', 'OPEN', '2026-06-16 15:52:49.578', '2026-06-16 15:52:49.578');
INSERT INTO public."ChatConversation" (id, "ownerUserId", subject, status, "createdAt", "updatedAt") VALUES ('5de04c8a-b60d-4bcc-8598-b8e0c4216300', '11537085-5d19-414d-b84b-47e70d08dadd', 'SFXSAI Support Chat', 'OPEN', '2026-06-16 15:52:51.863', '2026-06-16 15:52:51.863');
INSERT INTO public."ChatConversation" (id, "ownerUserId", subject, status, "createdAt", "updatedAt") VALUES ('5522e1a1-b877-4883-8d36-56ca1bcb3e4c', '2f41ffce-d3a2-43b9-af24-4c9c8d63bd8f', 'DIRECT:2f41ffce-d3a2-43b9-af24-4c9c8d63bd8f:af490318-6e0b-4e99-a28b-efac84e0b897', 'OPEN', '2026-06-16 16:32:45.886', '2026-06-16 17:23:05.929');
INSERT INTO public."ChatConversation" (id, "ownerUserId", subject, status, "createdAt", "updatedAt") VALUES ('7c676769-d3fa-484b-957a-1a25f7e49985', '10ae0372-3dbb-4024-bbc8-0e7beefb2bed', 'DIRECT:10ae0372-3dbb-4024-bbc8-0e7beefb2bed:ee989e19-040b-4145-b354-1e8ac38e7588', 'OPEN', '2026-06-16 15:45:03.643', '2026-06-16 15:58:50.724');
INSERT INTO public."ChatConversation" (id, "ownerUserId", subject, status, "createdAt", "updatedAt") VALUES ('f615a60b-504d-42a8-b048-39be7419e4cc', '1470a945-9b65-4421-bd21-05d88c586cf6', 'DIRECT:1470a945-9b65-4421-bd21-05d88c586cf6:ee989e19-040b-4145-b354-1e8ac38e7588', 'OPEN', '2026-06-16 16:01:08.367', '2026-06-16 16:01:08.367');
INSERT INTO public."ChatConversation" (id, "ownerUserId", subject, status, "createdAt", "updatedAt") VALUES ('3d9f55af-a6b0-407a-a344-962523bb7c8e', '24b38f39-b25d-4db4-b6ba-f709bdddd3f9', 'DIRECT:24b38f39-b25d-4db4-b6ba-f709bdddd3f9:ee989e19-040b-4145-b354-1e8ac38e7588', 'OPEN', '2026-06-16 16:05:34.715', '2026-06-16 16:05:34.715');
INSERT INTO public."ChatConversation" (id, "ownerUserId", subject, status, "createdAt", "updatedAt") VALUES ('1c0723e2-3100-4a1a-abc5-7b260a74c0d2', '10ae0372-3dbb-4024-bbc8-0e7beefb2bed', 'DIRECT:10ae0372-3dbb-4024-bbc8-0e7beefb2bed:2f41ffce-d3a2-43b9-af24-4c9c8d63bd8f', 'OPEN', '2026-06-16 16:32:45.222', '2026-06-16 16:32:45.222');
INSERT INTO public."ChatConversation" (id, "ownerUserId", subject, status, "createdAt", "updatedAt") VALUES ('42884205-cd8f-4384-afc1-5b1fb327a0bf', '2f41ffce-d3a2-43b9-af24-4c9c8d63bd8f', 'DIRECT:2f41ffce-d3a2-43b9-af24-4c9c8d63bd8f:d02de544-b8f5-4620-8a00-37b41f8b03cb', 'OPEN', '2026-06-16 17:23:52.943', '2026-06-16 17:44:34.763');
INSERT INTO public."ChatConversation" (id, "ownerUserId", subject, status, "createdAt", "updatedAt") VALUES ('ea5670de-d6b1-4390-b40e-2bf94039f8f0', '10ae0372-3dbb-4024-bbc8-0e7beefb2bed', 'DIRECT:10ae0372-3dbb-4024-bbc8-0e7beefb2bed:af490318-6e0b-4e99-a28b-efac84e0b897', 'OPEN', '2026-06-17 04:28:56.882', '2026-06-17 04:28:56.882');
INSERT INTO public."ChatConversation" (id, "ownerUserId", subject, status, "createdAt", "updatedAt") VALUES ('442bd310-2e87-4d1d-abd8-839c1d275d9f', 'd5e1e99b-f109-44be-b3bb-0d5547f16d73', 'SFXSAI Support Chat', 'OPEN', '2026-06-16 15:52:50.718', '2026-06-16 16:58:27.284');


--
-- Data for Name: ChatMessage; Type: TABLE DATA; Schema: public; Owner: -
--

INSERT INTO public."ChatMessage" (id, "conversationId", "senderUserId", "senderName", "senderRole", body, source, "createdAt", "readAt") VALUES ('b601791e-b772-41dd-b405-fa830cca760e', 'f2f68509-2d73-42f5-bdfd-c193049deec6', 'ee989e19-040b-4145-b354-1e8ac38e7588', 'teacher1@sfxsai.com', 'TEACHER', 'Live chat verification 2026-06-14T11:45:18.7341830+04:00', 'USER', '2026-06-14 07:47:16.353', NULL);
INSERT INTO public."ChatMessage" (id, "conversationId", "senderUserId", "senderName", "senderRole", body, source, "createdAt", "readAt") VALUES ('1c872251-4ab2-46e4-a0ea-22090550db40', 'f2f68509-2d73-42f5-bdfd-c193049deec6', 'ee989e19-040b-4145-b354-1e8ac38e7588', 'teacher1@sfxsai.com', 'TEACHER', 'hi ther', 'USER', '2026-06-14 07:54:02.273', NULL);
INSERT INTO public."ChatMessage" (id, "conversationId", "senderUserId", "senderName", "senderRole", body, source, "createdAt", "readAt") VALUES ('b24a6f81-2d7a-4519-8828-423cb8625fc2', 'f2f68509-2d73-42f5-bdfd-c193049deec6', 'ee989e19-040b-4145-b354-1e8ac38e7588', 'teacher1@sfxsai.com', 'TEACHER', 'test', 'USER', '2026-06-15 06:59:31.634', NULL);
INSERT INTO public."ChatMessage" (id, "conversationId", "senderUserId", "senderName", "senderRole", body, source, "createdAt", "readAt") VALUES ('388bdc3c-9362-406f-ac1a-5f8295ef28cb', '1e1b4fa0-a064-44ea-bc96-665765044fd0', NULL, 'SFXSAI Broadcast', 'System', 'test', 'SYSTEM', '2026-06-16 15:52:40.965', NULL);
INSERT INTO public."ChatMessage" (id, "conversationId", "senderUserId", "senderName", "senderRole", body, source, "createdAt", "readAt") VALUES ('ea02dd53-eada-4625-9cce-6ad7e6180f30', 'dfe503d6-2747-4e18-90c0-dfd49fa5bd46', NULL, 'SFXSAI Broadcast', 'System', 'test', 'SYSTEM', '2026-06-16 15:52:41.58', NULL);
INSERT INTO public."ChatMessage" (id, "conversationId", "senderUserId", "senderName", "senderRole", body, source, "createdAt", "readAt") VALUES ('7770f78c-4873-476d-8c19-f88b1729bce2', '23b47f4e-a617-47c4-ab4c-eeb6083faaab', NULL, 'SFXSAI Broadcast', 'System', 'test', 'SYSTEM', '2026-06-16 15:52:42.194', NULL);
INSERT INTO public."ChatMessage" (id, "conversationId", "senderUserId", "senderName", "senderRole", body, source, "createdAt", "readAt") VALUES ('c3e0cd1d-bc2b-4653-854a-dcb89fe17401', 'c48cde30-252d-4a50-b21f-91ef27205424', NULL, 'SFXSAI Broadcast', 'System', 'test', 'SYSTEM', '2026-06-16 15:52:42.808', NULL);
INSERT INTO public."ChatMessage" (id, "conversationId", "senderUserId", "senderName", "senderRole", body, source, "createdAt", "readAt") VALUES ('3910da0b-2d66-44a4-8f9a-20ff58dd0431', 'bcfebba0-d639-4829-a9b8-ce2ebc522440', NULL, 'SFXSAI Broadcast', 'System', 'test', 'SYSTEM', '2026-06-16 15:52:43.424', NULL);
INSERT INTO public."ChatMessage" (id, "conversationId", "senderUserId", "senderName", "senderRole", body, source, "createdAt", "readAt") VALUES ('58582b68-e7e2-4d21-b7d3-2155baf00272', 'c949ddbe-852a-4a2e-bb4e-49f4698c2f3e', NULL, 'SFXSAI Broadcast', 'System', 'test', 'SYSTEM', '2026-06-16 15:52:44.039', NULL);
INSERT INTO public."ChatMessage" (id, "conversationId", "senderUserId", "senderName", "senderRole", body, source, "createdAt", "readAt") VALUES ('1a8266bb-e3f1-4f51-a86f-d7f015a8a0ee', '27b7eafb-a6f3-41c4-bd6d-552b6f4d975b', NULL, 'SFXSAI Broadcast', 'System', 'test', 'SYSTEM', '2026-06-16 15:52:44.651', NULL);
INSERT INTO public."ChatMessage" (id, "conversationId", "senderUserId", "senderName", "senderRole", body, source, "createdAt", "readAt") VALUES ('1b4dd89d-0c02-471e-b5fe-2632f4adc544', '8843d365-eee3-463c-84fb-5968a40bf904', NULL, 'SFXSAI Broadcast', 'System', 'test', 'SYSTEM', '2026-06-16 15:52:45.266', NULL);
INSERT INTO public."ChatMessage" (id, "conversationId", "senderUserId", "senderName", "senderRole", body, source, "createdAt", "readAt") VALUES ('fc17a274-3d7d-4044-bd19-173cfbd9f379', '00236e60-87c5-4bad-a9b7-006a6960eae1', NULL, 'SFXSAI Broadcast', 'System', 'test', 'SYSTEM', '2026-06-16 15:52:46.144', NULL);
INSERT INTO public."ChatMessage" (id, "conversationId", "senderUserId", "senderName", "senderRole", body, source, "createdAt", "readAt") VALUES ('4b992d92-c3a5-46b9-bd86-98c664f65c11', '3e73e742-94f7-4102-8ebc-80a1dde30faf', NULL, 'SFXSAI Broadcast', 'System', 'test', 'SYSTEM', '2026-06-16 15:52:47.29', NULL);
INSERT INTO public."ChatMessage" (id, "conversationId", "senderUserId", "senderName", "senderRole", body, source, "createdAt", "readAt") VALUES ('ec711f46-c1ef-48de-b530-432b5bd4ba85', '5a697fdf-3d46-4c86-920c-727d722373a1', NULL, 'SFXSAI Broadcast', 'System', 'test', 'SYSTEM', '2026-06-16 15:52:47.908', NULL);
INSERT INTO public."ChatMessage" (id, "conversationId", "senderUserId", "senderName", "senderRole", body, source, "createdAt", "readAt") VALUES ('8b856d60-629e-4df4-a4b2-7c11de7f1a82', 'dc836214-033f-4476-9dbb-eb440a20db9f', NULL, 'SFXSAI Broadcast', 'System', 'test', 'SYSTEM', '2026-06-16 15:52:48.522', NULL);
INSERT INTO public."ChatMessage" (id, "conversationId", "senderUserId", "senderName", "senderRole", body, source, "createdAt", "readAt") VALUES ('30cc81be-f54a-4059-ac9a-df3dd8e8f7c0', 'a6f27d92-e831-4553-afdf-f2b3c116bad1', NULL, 'SFXSAI Broadcast', 'System', 'test', 'SYSTEM', '2026-06-16 15:52:49.137', NULL);
INSERT INTO public."ChatMessage" (id, "conversationId", "senderUserId", "senderName", "senderRole", body, source, "createdAt", "readAt") VALUES ('9054df88-7451-4b08-bbae-4a24fca9fb94', 'a6bafc7a-f30c-4927-93b7-8efbfd2b578e', NULL, 'SFXSAI Broadcast', 'System', 'test', 'SYSTEM', '2026-06-16 15:52:50.014', NULL);
INSERT INTO public."ChatMessage" (id, "conversationId", "senderUserId", "senderName", "senderRole", body, source, "createdAt", "readAt") VALUES ('68220aa4-aa69-4399-ba8f-b823dd37e84e', '9b573ff4-87db-4522-9e9e-2082bcf19ac2', NULL, 'SFXSAI Broadcast', 'System', 'test', 'SYSTEM', '2026-06-16 15:52:50.278', NULL);
INSERT INTO public."ChatMessage" (id, "conversationId", "senderUserId", "senderName", "senderRole", body, source, "createdAt", "readAt") VALUES ('32f8aa4e-9f9a-4378-b22b-b5b9e7171077', '442bd310-2e87-4d1d-abd8-839c1d275d9f', NULL, 'SFXSAI Broadcast', 'System', 'test', 'SYSTEM', '2026-06-16 15:52:51.156', NULL);
INSERT INTO public."ChatMessage" (id, "conversationId", "senderUserId", "senderName", "senderRole", body, source, "createdAt", "readAt") VALUES ('c5a1dac6-26c5-4b88-90ad-5381e86865a9', '5de04c8a-b60d-4bcc-8598-b8e0c4216300', NULL, 'SFXSAI Broadcast', 'System', 'test', 'SYSTEM', '2026-06-16 15:52:52.3', NULL);
INSERT INTO public."ChatMessage" (id, "conversationId", "senderUserId", "senderName", "senderRole", body, source, "createdAt", "readAt") VALUES ('baa324c6-595a-4017-aad7-058f6248965d', '7c676769-d3fa-484b-957a-1a25f7e49985', NULL, 'SFXSAI Broadcast', 'System', 'test', 'SYSTEM', '2026-06-16 15:52:50.541', '2026-06-16 15:52:52.397');
INSERT INTO public."ChatMessage" (id, "conversationId", "senderUserId", "senderName", "senderRole", body, source, "createdAt", "readAt") VALUES ('8416ab00-d940-4012-8fbc-cb486017511f', '20ba18ee-4498-4ded-a728-4a76d5a87983', NULL, 'SFXSAI Broadcast', 'System', 'test', 'SYSTEM', '2026-06-16 15:52:46.674', '2026-06-16 15:53:11.488');
INSERT INTO public."ChatMessage" (id, "conversationId", "senderUserId", "senderName", "senderRole", body, source, "createdAt", "readAt") VALUES ('5cecbeff-64c0-4341-937e-f9b3b2fed56b', 'f2f68509-2d73-42f5-bdfd-c193049deec6', NULL, 'SFXSAI Support', 'Online', 'Message received. The support desk has this conversation open.', 'SUPPORT', '2026-06-14 07:47:16.716', '2026-06-16 15:55:47.32');
INSERT INTO public."ChatMessage" (id, "conversationId", "senderUserId", "senderName", "senderRole", body, source, "createdAt", "readAt") VALUES ('e80d75c8-ff00-4446-9bfc-38ba576ec580', 'f2f68509-2d73-42f5-bdfd-c193049deec6', NULL, 'SFXSAI Support', 'Online', 'Message received. The support desk has this conversation open.', 'SUPPORT', '2026-06-14 07:54:02.638', '2026-06-16 15:55:47.32');
INSERT INTO public."ChatMessage" (id, "conversationId", "senderUserId", "senderName", "senderRole", body, source, "createdAt", "readAt") VALUES ('761fd2c0-ddd3-4a45-a6df-72d0e1264198', 'f2f68509-2d73-42f5-bdfd-c193049deec6', NULL, 'SFXSAI Support', 'Online', 'Message received. The support desk has this conversation open.', 'SUPPORT', '2026-06-15 06:59:31.983', '2026-06-16 15:55:47.32');
INSERT INTO public."ChatMessage" (id, "conversationId", "senderUserId", "senderName", "senderRole", body, source, "createdAt", "readAt") VALUES ('9b06b48c-a664-48e0-a664-b710829e87aa', 'f2f68509-2d73-42f5-bdfd-c193049deec6', NULL, 'SFXSAI Broadcast', 'System', 'test', 'SYSTEM', '2026-06-16 15:52:51.421', '2026-06-16 15:55:47.32');
INSERT INTO public."ChatMessage" (id, "conversationId", "senderUserId", "senderName", "senderRole", body, source, "createdAt", "readAt") VALUES ('1155a4ff-bed5-40af-80d2-e5991c7e75ba', '7c676769-d3fa-484b-957a-1a25f7e49985', 'ee989e19-040b-4145-b354-1e8ac38e7588', 'teacher1@sfxsai.com', 'TEACHER', 'Local chat verification 2026-06-16T19:45:04.2830957+04:00', 'USER', '2026-06-16 15:45:06.699', '2026-06-16 15:58:05.658');
INSERT INTO public."ChatMessage" (id, "conversationId", "senderUserId", "senderName", "senderRole", body, source, "createdAt", "readAt") VALUES ('cc351be9-7035-421b-bd27-f3a7f71e718b', '7c676769-d3fa-484b-957a-1a25f7e49985', 'ee989e19-040b-4145-b354-1e8ac38e7588', 'teacher1@sfxsai.com', 'TEACHER', 'UI staff chat check 2026-06-16T15:46:18.943Z', 'USER', '2026-06-16 15:46:19.815', '2026-06-16 15:58:05.658');
INSERT INTO public."ChatMessage" (id, "conversationId", "senderUserId", "senderName", "senderRole", body, source, "createdAt", "readAt") VALUES ('0f40a294-8faa-458c-bd0e-40ef804d0984', '7c676769-d3fa-484b-957a-1a25f7e49985', 'ee989e19-040b-4145-b354-1e8ac38e7588', 'teacher1@sfxsai.com', 'TEACHER', 'hi', 'USER', '2026-06-16 15:52:57.384', '2026-06-16 15:58:05.658');
INSERT INTO public."ChatMessage" (id, "conversationId", "senderUserId", "senderName", "senderRole", body, source, "createdAt", "readAt") VALUES ('cce8eb17-6176-401a-bdd6-9e0719f3bf16', '7c676769-d3fa-484b-957a-1a25f7e49985', '10ae0372-3dbb-4024-bbc8-0e7beefb2bed', 'sottodennis@gmail.com', 'ADMIN', 'hello sir', 'USER', '2026-06-16 15:58:12.96', '2026-06-16 15:58:20.871');
INSERT INTO public."ChatMessage" (id, "conversationId", "senderUserId", "senderName", "senderRole", body, source, "createdAt", "readAt") VALUES ('ac14e43b-5830-4726-a6b2-0f57aeb836f1', '7c676769-d3fa-484b-957a-1a25f7e49985', 'ee989e19-040b-4145-b354-1e8ac38e7588', 'teacher1@sfxsai.com', 'TEACHER', 'hi', 'USER', '2026-06-16 15:58:50.539', '2026-06-16 15:58:50.704');
INSERT INTO public."ChatMessage" (id, "conversationId", "senderUserId", "senderName", "senderRole", body, source, "createdAt", "readAt") VALUES ('57960719-3e66-43cf-a052-b496cf00f51f', '1e1b4fa0-a064-44ea-bc96-665765044fd0', NULL, 'SFXSAI Broadcast', 'System', 'test', 'SYSTEM', '2026-06-16 15:59:03.056', NULL);
INSERT INTO public."ChatMessage" (id, "conversationId", "senderUserId", "senderName", "senderRole", body, source, "createdAt", "readAt") VALUES ('6e6507d1-ea89-4a3c-b406-f9bfab40995c', 'dfe503d6-2747-4e18-90c0-dfd49fa5bd46', NULL, 'SFXSAI Broadcast', 'System', 'test', 'SYSTEM', '2026-06-16 15:59:03.338', NULL);
INSERT INTO public."ChatMessage" (id, "conversationId", "senderUserId", "senderName", "senderRole", body, source, "createdAt", "readAt") VALUES ('fad9dcde-fef6-4f56-9083-0fa89ade3ec5', '23b47f4e-a617-47c4-ab4c-eeb6083faaab', NULL, 'SFXSAI Broadcast', 'System', 'test', 'SYSTEM', '2026-06-16 15:59:03.615', NULL);
INSERT INTO public."ChatMessage" (id, "conversationId", "senderUserId", "senderName", "senderRole", body, source, "createdAt", "readAt") VALUES ('7857d74e-a1be-4e0d-bf05-ac5147f19890', 'c48cde30-252d-4a50-b21f-91ef27205424', NULL, 'SFXSAI Broadcast', 'System', 'test', 'SYSTEM', '2026-06-16 15:59:03.893', NULL);
INSERT INTO public."ChatMessage" (id, "conversationId", "senderUserId", "senderName", "senderRole", body, source, "createdAt", "readAt") VALUES ('cd18de81-18d9-47e1-b949-640ae69612a2', 'bcfebba0-d639-4829-a9b8-ce2ebc522440', NULL, 'SFXSAI Broadcast', 'System', 'test', 'SYSTEM', '2026-06-16 15:59:04.169', NULL);
INSERT INTO public."ChatMessage" (id, "conversationId", "senderUserId", "senderName", "senderRole", body, source, "createdAt", "readAt") VALUES ('315b645f-e471-4736-9623-8ad77f2fb211', 'c949ddbe-852a-4a2e-bb4e-49f4698c2f3e', NULL, 'SFXSAI Broadcast', 'System', 'test', 'SYSTEM', '2026-06-16 15:59:04.445', NULL);
INSERT INTO public."ChatMessage" (id, "conversationId", "senderUserId", "senderName", "senderRole", body, source, "createdAt", "readAt") VALUES ('0b82580f-28a0-499b-a380-37e444dfcf15', '27b7eafb-a6f3-41c4-bd6d-552b6f4d975b', NULL, 'SFXSAI Broadcast', 'System', 'test', 'SYSTEM', '2026-06-16 15:59:04.722', NULL);
INSERT INTO public."ChatMessage" (id, "conversationId", "senderUserId", "senderName", "senderRole", body, source, "createdAt", "readAt") VALUES ('e48c3f14-515d-4183-b7fd-de4bfa7be114', '8843d365-eee3-463c-84fb-5968a40bf904', NULL, 'SFXSAI Broadcast', 'System', 'test', 'SYSTEM', '2026-06-16 15:59:04.999', NULL);
INSERT INTO public."ChatMessage" (id, "conversationId", "senderUserId", "senderName", "senderRole", body, source, "createdAt", "readAt") VALUES ('a61f994d-b6b2-4f75-bffd-fc0857b554fa', 'b3797302-b670-4ff2-a17d-d4b58d85e640', NULL, 'SFXSAI Broadcast', 'System', 'test', 'SYSTEM', '2026-06-16 15:52:51.685', '2026-06-16 16:08:08.527');
INSERT INTO public."ChatMessage" (id, "conversationId", "senderUserId", "senderName", "senderRole", body, source, "createdAt", "readAt") VALUES ('19096724-a281-4234-bfd3-b7527b40961d', '1dc0f874-effb-44a3-bfcf-d1a23f150d5c', NULL, 'SFXSAI Broadcast', 'System', 'test', 'SYSTEM', '2026-06-16 15:52:46.408', '2026-06-16 16:13:25.024');
INSERT INTO public."ChatMessage" (id, "conversationId", "senderUserId", "senderName", "senderRole", body, source, "createdAt", "readAt") VALUES ('70abc376-13c8-4cce-adba-9cc7cd995d05', '421a6a5a-7545-4b9f-ade6-910ed0922eff', NULL, 'SFXSAI Broadcast', 'System', 'test', 'SYSTEM', '2026-06-16 15:52:45.53', '2026-06-16 16:22:02.956');
INSERT INTO public."ChatMessage" (id, "conversationId", "senderUserId", "senderName", "senderRole", body, source, "createdAt", "readAt") VALUES ('09a590c5-0be6-431d-ac7d-7d1e0d3a7c38', '421a6a5a-7545-4b9f-ade6-910ed0922eff', NULL, 'SFXSAI Broadcast', 'System', 'test', 'SYSTEM', '2026-06-16 15:59:05.277', '2026-06-16 16:22:02.956');
INSERT INTO public."ChatMessage" (id, "conversationId", "senderUserId", "senderName", "senderRole", body, source, "createdAt", "readAt") VALUES ('95096c95-ccd2-42df-a883-19489c0da30e', 'e468aa14-de86-44c8-bab6-2590cb363997', NULL, 'SFXSAI Broadcast', 'System', 'test', 'SYSTEM', '2026-06-16 15:52:49.4', '2026-06-16 16:32:44.031');
INSERT INTO public."ChatMessage" (id, "conversationId", "senderUserId", "senderName", "senderRole", body, source, "createdAt", "readAt") VALUES ('c2452166-7729-4b35-bab1-52c51b07ad5f', 'b3797302-b670-4ff2-a17d-d4b58d85e640', 'ee989e19-040b-4145-b354-1e8ac38e7588', 'teacher1@sfxsai.com', 'TEACHER', 'testing', 'USER', '2026-06-16 15:51:18.741', '2026-06-17 03:46:07.763');
INSERT INTO public."ChatMessage" (id, "conversationId", "senderUserId", "senderName", "senderRole", body, source, "createdAt", "readAt") VALUES ('00b93cc9-8e3b-4f1f-9cd9-8e3d4e412847', '00236e60-87c5-4bad-a9b7-006a6960eae1', NULL, 'SFXSAI Broadcast', 'System', 'test', 'SYSTEM', '2026-06-16 15:59:05.556', NULL);
INSERT INTO public."ChatMessage" (id, "conversationId", "senderUserId", "senderName", "senderRole", body, source, "createdAt", "readAt") VALUES ('ee61d868-cc57-4d1d-b849-74326fca7418', '20ba18ee-4498-4ded-a728-4a76d5a87983', NULL, 'SFXSAI Broadcast', 'System', 'test', 'SYSTEM', '2026-06-16 15:59:06.108', NULL);
INSERT INTO public."ChatMessage" (id, "conversationId", "senderUserId", "senderName", "senderRole", body, source, "createdAt", "readAt") VALUES ('038bc83f-962b-45a8-afcf-900ddb1d5cc0', '3e73e742-94f7-4102-8ebc-80a1dde30faf', NULL, 'SFXSAI Broadcast', 'System', 'test', 'SYSTEM', '2026-06-16 15:59:06.385', NULL);
INSERT INTO public."ChatMessage" (id, "conversationId", "senderUserId", "senderName", "senderRole", body, source, "createdAt", "readAt") VALUES ('f627a6d4-0ca2-4af5-8bd9-44424d6bcadb', '5a697fdf-3d46-4c86-920c-727d722373a1', NULL, 'SFXSAI Broadcast', 'System', 'test', 'SYSTEM', '2026-06-16 15:59:06.664', NULL);
INSERT INTO public."ChatMessage" (id, "conversationId", "senderUserId", "senderName", "senderRole", body, source, "createdAt", "readAt") VALUES ('f6e9aa8d-2000-4e54-b5f7-6504096ee8bc', 'dc836214-033f-4476-9dbb-eb440a20db9f', NULL, 'SFXSAI Broadcast', 'System', 'test', 'SYSTEM', '2026-06-16 15:59:06.94', NULL);
INSERT INTO public."ChatMessage" (id, "conversationId", "senderUserId", "senderName", "senderRole", body, source, "createdAt", "readAt") VALUES ('77b36ea5-c46d-4bbd-a169-9bc46d84daa3', 'a6f27d92-e831-4553-afdf-f2b3c116bad1', NULL, 'SFXSAI Broadcast', 'System', 'test', 'SYSTEM', '2026-06-16 15:59:07.217', NULL);
INSERT INTO public."ChatMessage" (id, "conversationId", "senderUserId", "senderName", "senderRole", body, source, "createdAt", "readAt") VALUES ('6ec4dd09-07f0-4cc2-8115-6565b041707b', 'a6bafc7a-f30c-4927-93b7-8efbfd2b578e', NULL, 'SFXSAI Broadcast', 'System', 'test', 'SYSTEM', '2026-06-16 15:59:07.772', NULL);
INSERT INTO public."ChatMessage" (id, "conversationId", "senderUserId", "senderName", "senderRole", body, source, "createdAt", "readAt") VALUES ('c37fd590-0592-4b0d-aeaf-1c5b69df718a', '9b573ff4-87db-4522-9e9e-2082bcf19ac2', NULL, 'SFXSAI Broadcast', 'System', 'test', 'SYSTEM', '2026-06-16 15:59:08.05', NULL);
INSERT INTO public."ChatMessage" (id, "conversationId", "senderUserId", "senderName", "senderRole", body, source, "createdAt", "readAt") VALUES ('aab2ef28-9756-4548-9164-4c4ae6fdf57f', '442bd310-2e87-4d1d-abd8-839c1d275d9f', NULL, 'SFXSAI Broadcast', 'System', 'test', 'SYSTEM', '2026-06-16 15:59:08.605', NULL);
INSERT INTO public."ChatMessage" (id, "conversationId", "senderUserId", "senderName", "senderRole", body, source, "createdAt", "readAt") VALUES ('c494a051-04ca-4f9f-a262-9a61aa88916e', '7c676769-d3fa-484b-957a-1a25f7e49985', NULL, 'SFXSAI Broadcast', 'System', 'test', 'SYSTEM', '2026-06-16 15:59:08.328', '2026-06-16 15:59:09.24');
INSERT INTO public."ChatMessage" (id, "conversationId", "senderUserId", "senderName", "senderRole", body, source, "createdAt", "readAt") VALUES ('915b84bc-d066-4e93-be49-47319849090e', '5de04c8a-b60d-4bcc-8598-b8e0c4216300', NULL, 'SFXSAI Broadcast', 'System', 'test', 'SYSTEM', '2026-06-16 15:59:09.436', NULL);
INSERT INTO public."ChatMessage" (id, "conversationId", "senderUserId", "senderName", "senderRole", body, source, "createdAt", "readAt") VALUES ('ccc961e0-4aa8-4547-9296-258ee6a449ab', '1e1b4fa0-a064-44ea-bc96-665765044fd0', NULL, 'SFXSAI Broadcast', 'System', 'test', 'SYSTEM', '2026-06-16 15:59:23.927', NULL);
INSERT INTO public."ChatMessage" (id, "conversationId", "senderUserId", "senderName", "senderRole", body, source, "createdAt", "readAt") VALUES ('0aca2347-c57f-46b2-9e38-701ee6fdea75', 'dfe503d6-2747-4e18-90c0-dfd49fa5bd46', NULL, 'SFXSAI Broadcast', 'System', 'test', 'SYSTEM', '2026-06-16 15:59:24.201', NULL);
INSERT INTO public."ChatMessage" (id, "conversationId", "senderUserId", "senderName", "senderRole", body, source, "createdAt", "readAt") VALUES ('0179fb3f-54c6-4bd0-9ff9-d03eec9ea41a', '23b47f4e-a617-47c4-ab4c-eeb6083faaab', NULL, 'SFXSAI Broadcast', 'System', 'test', 'SYSTEM', '2026-06-16 15:59:24.474', NULL);
INSERT INTO public."ChatMessage" (id, "conversationId", "senderUserId", "senderName", "senderRole", body, source, "createdAt", "readAt") VALUES ('21c77f40-f6b6-4a05-98fe-c740bed7c92c', 'c48cde30-252d-4a50-b21f-91ef27205424', NULL, 'SFXSAI Broadcast', 'System', 'test', 'SYSTEM', '2026-06-16 15:59:24.747', NULL);
INSERT INTO public."ChatMessage" (id, "conversationId", "senderUserId", "senderName", "senderRole", body, source, "createdAt", "readAt") VALUES ('a6fdfda6-661e-4cbc-9567-4580b27f72d5', 'bcfebba0-d639-4829-a9b8-ce2ebc522440', NULL, 'SFXSAI Broadcast', 'System', 'test', 'SYSTEM', '2026-06-16 15:59:25.022', NULL);
INSERT INTO public."ChatMessage" (id, "conversationId", "senderUserId", "senderName", "senderRole", body, source, "createdAt", "readAt") VALUES ('fc2b77d1-15aa-4778-8ad1-58f90ed65927', 'c949ddbe-852a-4a2e-bb4e-49f4698c2f3e', NULL, 'SFXSAI Broadcast', 'System', 'test', 'SYSTEM', '2026-06-16 15:59:25.295', NULL);
INSERT INTO public."ChatMessage" (id, "conversationId", "senderUserId", "senderName", "senderRole", body, source, "createdAt", "readAt") VALUES ('db59e12b-028f-476f-9ba1-5995806fda18', 'f2f68509-2d73-42f5-bdfd-c193049deec6', NULL, 'SFXSAI Broadcast', 'System', 'test', 'SYSTEM', '2026-06-16 15:59:08.881', '2026-06-16 16:01:03.183');
INSERT INTO public."ChatMessage" (id, "conversationId", "senderUserId", "senderName", "senderRole", body, source, "createdAt", "readAt") VALUES ('9f17dd41-242c-4a6e-8e04-f471b4e13b77', 'cb34c806-d325-4009-85d6-9166ca2997a8', NULL, 'SFXSAI Broadcast', 'System', 'test', 'SYSTEM', '2026-06-16 15:59:23.564', '2026-06-16 16:05:32.841');
INSERT INTO public."ChatMessage" (id, "conversationId", "senderUserId", "senderName", "senderRole", body, source, "createdAt", "readAt") VALUES ('518d9e44-46e5-4f13-9a64-052774b0cf78', 'b3797302-b670-4ff2-a17d-d4b58d85e640', NULL, 'SFXSAI Broadcast', 'System', 'test', 'SYSTEM', '2026-06-16 15:59:09.16', '2026-06-16 16:08:08.527');
INSERT INTO public."ChatMessage" (id, "conversationId", "senderUserId", "senderName", "senderRole", body, source, "createdAt", "readAt") VALUES ('2b8ff47b-edfd-4c34-bb43-258645c3dc9f', '1dc0f874-effb-44a3-bfcf-d1a23f150d5c', NULL, 'SFXSAI Broadcast', 'System', 'test', 'SYSTEM', '2026-06-16 15:59:05.832', '2026-06-16 16:13:25.024');
INSERT INTO public."ChatMessage" (id, "conversationId", "senderUserId", "senderName", "senderRole", body, source, "createdAt", "readAt") VALUES ('8753b984-99d1-4a53-b26b-54ec7c4f0089', 'e468aa14-de86-44c8-bab6-2590cb363997', NULL, 'SFXSAI Broadcast', 'System', 'test', 'SYSTEM', '2026-06-16 15:59:07.495', '2026-06-16 16:32:44.031');
INSERT INTO public."ChatMessage" (id, "conversationId", "senderUserId", "senderName", "senderRole", body, source, "createdAt", "readAt") VALUES ('77fe8bcd-6831-43df-8ad8-8b0329af3291', '27b7eafb-a6f3-41c4-bd6d-552b6f4d975b', NULL, 'SFXSAI Broadcast', 'System', 'test', 'SYSTEM', '2026-06-16 15:59:25.568', NULL);
INSERT INTO public."ChatMessage" (id, "conversationId", "senderUserId", "senderName", "senderRole", body, source, "createdAt", "readAt") VALUES ('c4f47603-db8f-496f-8036-352cc6b931bc', '442bd310-2e87-4d1d-abd8-839c1d275d9f', NULL, 'SFXSAI Broadcast', 'System', 'test', 'SYSTEM', '2026-06-16 15:59:29.398', NULL);
INSERT INTO public."ChatMessage" (id, "conversationId", "senderUserId", "senderName", "senderRole", body, source, "createdAt", "readAt") VALUES ('f8de905e-9160-4942-b6af-4adc2a4fef1c', 'f2f68509-2d73-42f5-bdfd-c193049deec6', NULL, 'SFXSAI Broadcast', 'System', 'test', 'SYSTEM', '2026-06-16 15:59:29.755', '2026-06-16 16:01:03.183');
INSERT INTO public."ChatMessage" (id, "conversationId", "senderUserId", "senderName", "senderRole", body, source, "createdAt", "readAt") VALUES ('fb8535f8-6765-40c9-8b45-3f3d910d609d', '8843d365-eee3-463c-84fb-5968a40bf904', NULL, 'SFXSAI Broadcast', 'System', 'test', 'SYSTEM', '2026-06-16 15:59:25.842', NULL);
INSERT INTO public."ChatMessage" (id, "conversationId", "senderUserId", "senderName", "senderRole", body, source, "createdAt", "readAt") VALUES ('f1d6a88c-daa0-4047-ad2f-ecc6857f435d', '00236e60-87c5-4bad-a9b7-006a6960eae1', NULL, 'SFXSAI Broadcast', 'System', 'test', 'SYSTEM', '2026-06-16 15:59:26.389', NULL);
INSERT INTO public."ChatMessage" (id, "conversationId", "senderUserId", "senderName", "senderRole", body, source, "createdAt", "readAt") VALUES ('b4d28de7-9b62-4b5c-8414-c6d10ac49f55', '20ba18ee-4498-4ded-a728-4a76d5a87983', NULL, 'SFXSAI Broadcast', 'System', 'test', 'SYSTEM', '2026-06-16 15:59:26.934', NULL);
INSERT INTO public."ChatMessage" (id, "conversationId", "senderUserId", "senderName", "senderRole", body, source, "createdAt", "readAt") VALUES ('1fb92e49-a456-4de9-93d7-47b8109685c2', '3e73e742-94f7-4102-8ebc-80a1dde30faf', NULL, 'SFXSAI Broadcast', 'System', 'test', 'SYSTEM', '2026-06-16 15:59:27.208', NULL);
INSERT INTO public."ChatMessage" (id, "conversationId", "senderUserId", "senderName", "senderRole", body, source, "createdAt", "readAt") VALUES ('6fb049b5-ee29-4b89-afe2-67a8ef4de2bb', '5a697fdf-3d46-4c86-920c-727d722373a1', NULL, 'SFXSAI Broadcast', 'System', 'test', 'SYSTEM', '2026-06-16 15:59:27.482', NULL);
INSERT INTO public."ChatMessage" (id, "conversationId", "senderUserId", "senderName", "senderRole", body, source, "createdAt", "readAt") VALUES ('52532d65-18cd-4055-9ee2-2f68915005fa', 'dc836214-033f-4476-9dbb-eb440a20db9f', NULL, 'SFXSAI Broadcast', 'System', 'test', 'SYSTEM', '2026-06-16 15:59:27.755', NULL);
INSERT INTO public."ChatMessage" (id, "conversationId", "senderUserId", "senderName", "senderRole", body, source, "createdAt", "readAt") VALUES ('978ec891-108a-4e99-9e96-de98dec6baf2', 'a6f27d92-e831-4553-afdf-f2b3c116bad1', NULL, 'SFXSAI Broadcast', 'System', 'test', 'SYSTEM', '2026-06-16 15:59:28.028', NULL);
INSERT INTO public."ChatMessage" (id, "conversationId", "senderUserId", "senderName", "senderRole", body, source, "createdAt", "readAt") VALUES ('1bf5ea00-e9dc-4111-8f87-69ec2efb2a96', 'a6bafc7a-f30c-4927-93b7-8efbfd2b578e', NULL, 'SFXSAI Broadcast', 'System', 'test', 'SYSTEM', '2026-06-16 15:59:28.576', NULL);
INSERT INTO public."ChatMessage" (id, "conversationId", "senderUserId", "senderName", "senderRole", body, source, "createdAt", "readAt") VALUES ('0fbf8d9a-1600-4b5a-9f5b-2d602e8efa50', '9b573ff4-87db-4522-9e9e-2082bcf19ac2', NULL, 'SFXSAI Broadcast', 'System', 'test', 'SYSTEM', '2026-06-16 15:59:28.85', NULL);
INSERT INTO public."ChatMessage" (id, "conversationId", "senderUserId", "senderName", "senderRole", body, source, "createdAt", "readAt") VALUES ('97cc006d-3993-4dfa-9405-64014dc556d9', '7c676769-d3fa-484b-957a-1a25f7e49985', NULL, 'SFXSAI Broadcast', 'System', 'test', 'SYSTEM', '2026-06-16 15:59:29.125', '2026-06-16 15:59:29.225');
INSERT INTO public."ChatMessage" (id, "conversationId", "senderUserId", "senderName", "senderRole", body, source, "createdAt", "readAt") VALUES ('ef301975-b439-4524-b546-900aefb039fa', '5de04c8a-b60d-4bcc-8598-b8e0c4216300', NULL, 'SFXSAI Broadcast', 'System', 'test', 'SYSTEM', '2026-06-16 15:59:30.379', NULL);
INSERT INTO public."ChatMessage" (id, "conversationId", "senderUserId", "senderName", "senderRole", body, source, "createdAt", "readAt") VALUES ('bba11436-0857-44e6-a496-20f06eccb75c', 'cb34c806-d325-4009-85d6-9166ca2997a8', NULL, 'SFXSAI Broadcast', 'System', 'test', 'SYSTEM', '2026-06-16 15:52:40.08', '2026-06-16 16:05:32.841');
INSERT INTO public."ChatMessage" (id, "conversationId", "senderUserId", "senderName", "senderRole", body, source, "createdAt", "readAt") VALUES ('7df06bc4-23b1-49de-be6d-bfac07363d0a', 'cb34c806-d325-4009-85d6-9166ca2997a8', NULL, 'SFXSAI Broadcast', 'System', 'test', 'SYSTEM', '2026-06-16 15:59:02.688', '2026-06-16 16:05:32.841');
INSERT INTO public."ChatMessage" (id, "conversationId", "senderUserId", "senderName", "senderRole", body, source, "createdAt", "readAt") VALUES ('752549ea-9ded-4164-bd6b-5379bc58cfa3', 'b3797302-b670-4ff2-a17d-d4b58d85e640', NULL, 'SFXSAI Broadcast', 'System', 'test', 'SYSTEM', '2026-06-16 15:59:30.112', '2026-06-16 16:08:08.527');
INSERT INTO public."ChatMessage" (id, "conversationId", "senderUserId", "senderName", "senderRole", body, source, "createdAt", "readAt") VALUES ('529f99f3-fb1f-4ea0-ad30-0d2abcdb4af5', '1dc0f874-effb-44a3-bfcf-d1a23f150d5c', NULL, 'SFXSAI Broadcast', 'System', 'test', 'SYSTEM', '2026-06-16 15:59:26.662', '2026-06-16 16:13:25.024');
INSERT INTO public."ChatMessage" (id, "conversationId", "senderUserId", "senderName", "senderRole", body, source, "createdAt", "readAt") VALUES ('8316b850-28a4-4874-8d26-db047b6ed07d', '421a6a5a-7545-4b9f-ade6-910ed0922eff', NULL, 'SFXSAI Broadcast', 'System', 'test', 'SYSTEM', '2026-06-16 15:59:26.115', '2026-06-16 16:22:02.956');
INSERT INTO public."ChatMessage" (id, "conversationId", "senderUserId", "senderName", "senderRole", body, source, "createdAt", "readAt") VALUES ('d174aeab-5e7f-4e7c-a4f9-a3faa45dee54', '421a6a5a-7545-4b9f-ade6-910ed0922eff', 'af490318-6e0b-4e99-a28b-efac84e0b897', 'ivyann@sfxsai.com', 'FINANCE', 'hi', 'USER', '2026-06-16 16:28:43.77', NULL);
INSERT INTO public."ChatMessage" (id, "conversationId", "senderUserId", "senderName", "senderRole", body, source, "createdAt", "readAt") VALUES ('12bff986-b258-4f04-bd23-3821dc65a5b9', '421a6a5a-7545-4b9f-ade6-910ed0922eff', NULL, 'SFXSAI Support', 'Online', 'Message received. The support desk has this conversation open.', 'SUPPORT', '2026-06-16 16:28:43.953', '2026-06-16 16:28:44.022');
INSERT INTO public."ChatMessage" (id, "conversationId", "senderUserId", "senderName", "senderRole", body, source, "createdAt", "readAt") VALUES ('8e287ca1-3cb6-48a5-95eb-cf92ec0d18e3', 'e468aa14-de86-44c8-bab6-2590cb363997', NULL, 'SFXSAI Broadcast', 'System', 'test', 'SYSTEM', '2026-06-16 15:59:28.302', '2026-06-16 16:32:44.031');
INSERT INTO public."ChatMessage" (id, "conversationId", "senderUserId", "senderName", "senderRole", body, source, "createdAt", "readAt") VALUES ('1db63a48-4009-4e11-b462-ae482345b32d', '421a6a5a-7545-4b9f-ade6-910ed0922eff', 'af490318-6e0b-4e99-a28b-efac84e0b897', 'ivyann@sfxsai.com', 'FINANCE', 'hello', 'USER', '2026-06-16 16:40:17.218', NULL);
INSERT INTO public."ChatMessage" (id, "conversationId", "senderUserId", "senderName", "senderRole", body, source, "createdAt", "readAt") VALUES ('da69630d-4835-4888-8879-034721e4eb80', '421a6a5a-7545-4b9f-ade6-910ed0922eff', NULL, 'SFXSAI Support', 'Online', 'Message received. The support desk has this conversation open.', 'SUPPORT', '2026-06-16 16:40:17.406', '2026-06-16 16:40:17.978');
INSERT INTO public."ChatMessage" (id, "conversationId", "senderUserId", "senderName", "senderRole", body, source, "createdAt", "readAt") VALUES ('5476e8ea-097f-4cf4-a3c5-f7524f2e31fa', '5522e1a1-b877-4883-8d36-56ca1bcb3e4c', '2f41ffce-d3a2-43b9-af24-4c9c8d63bd8f', 'rene@sfxsai.com', 'REGISTRAR', 'halo', 'USER', '2026-06-16 16:39:16.302', '2026-06-16 16:42:37.151');
INSERT INTO public."ChatMessage" (id, "conversationId", "senderUserId", "senderName", "senderRole", body, source, "createdAt", "readAt") VALUES ('9aa40de9-1649-416e-a1d6-01c8287f88ae', '421a6a5a-7545-4b9f-ade6-910ed0922eff', 'af490318-6e0b-4e99-a28b-efac84e0b897', 'ivyann@sfxsai.com', 'FINANCE', 'musta?', 'USER', '2026-06-16 16:42:51.343', NULL);
INSERT INTO public."ChatMessage" (id, "conversationId", "senderUserId", "senderName", "senderRole", body, source, "createdAt", "readAt") VALUES ('8b63aa1d-c95d-4c37-9799-b62bc6c45fc7', '421a6a5a-7545-4b9f-ade6-910ed0922eff', 'af490318-6e0b-4e99-a28b-efac84e0b897', 'ivyann@sfxsai.com', 'FINANCE', 'muysta', 'USER', '2026-06-16 16:42:57.458', NULL);
INSERT INTO public."ChatMessage" (id, "conversationId", "senderUserId", "senderName", "senderRole", body, source, "createdAt", "readAt") VALUES ('5f5c3ec3-9013-47f9-b8a0-abf3290f65c5', '5522e1a1-b877-4883-8d36-56ca1bcb3e4c', 'af490318-6e0b-4e99-a28b-efac84e0b897', 'ivyann@sfxsai.com', 'FINANCE', 'hello mam', 'USER', '2026-06-16 16:42:39.879', '2026-06-16 16:45:37.428');
INSERT INTO public."ChatMessage" (id, "conversationId", "senderUserId", "senderName", "senderRole", body, source, "createdAt", "readAt") VALUES ('40c7e386-16eb-41e4-8e59-d05962bdc90d', '5522e1a1-b877-4883-8d36-56ca1bcb3e4c', 'af490318-6e0b-4e99-a28b-efac84e0b897', 'ivyann@sfxsai.com', 'FINANCE', 'hello mam', 'USER', '2026-06-16 16:44:55.118', '2026-06-16 16:45:37.428');
INSERT INTO public."ChatMessage" (id, "conversationId", "senderUserId", "senderName", "senderRole", body, source, "createdAt", "readAt") VALUES ('ad86f78c-f775-4fb0-9757-2b0691163456', '5522e1a1-b877-4883-8d36-56ca1bcb3e4c', 'af490318-6e0b-4e99-a28b-efac84e0b897', 'ivyann@sfxsai.com', 'FINANCE', 'makusta', 'USER', '2026-06-16 16:44:57.671', '2026-06-16 16:45:37.428');
INSERT INTO public."ChatMessage" (id, "conversationId", "senderUserId", "senderName", "senderRole", body, source, "createdAt", "readAt") VALUES ('7e86a491-f95d-4da3-bdd6-ee4b759be6b4', '5522e1a1-b877-4883-8d36-56ca1bcb3e4c', 'af490318-6e0b-4e99-a28b-efac84e0b897', 'ivyann@sfxsai.com', 'FINANCE', 'okay lang', 'USER', '2026-06-16 16:45:01.326', '2026-06-16 16:45:37.428');
INSERT INTO public."ChatMessage" (id, "conversationId", "senderUserId", "senderName", "senderRole", body, source, "createdAt", "readAt") VALUES ('83ef2d26-f4b9-4961-967e-5bd001093a9f', '5522e1a1-b877-4883-8d36-56ca1bcb3e4c', '2f41ffce-d3a2-43b9-af24-4c9c8d63bd8f', 'rene@sfxsai.com', 'REGISTRAR', 'hi', 'USER', '2026-06-16 16:45:52.876', '2026-06-16 16:45:56.924');
INSERT INTO public."ChatMessage" (id, "conversationId", "senderUserId", "senderName", "senderRole", body, source, "createdAt", "readAt") VALUES ('ef2b6da9-e0d9-4e8e-b876-566e77ae34be', '5522e1a1-b877-4883-8d36-56ca1bcb3e4c', '2f41ffce-d3a2-43b9-af24-4c9c8d63bd8f', 'rene@sfxsai.com', 'REGISTRAR', 'musta na?', 'USER', '2026-06-16 16:46:00.513', '2026-06-16 16:46:02.194');
INSERT INTO public."ChatMessage" (id, "conversationId", "senderUserId", "senderName", "senderRole", body, source, "createdAt", "readAt") VALUES ('cff651e4-d528-4016-83f3-bbe7014a5bff', '5522e1a1-b877-4883-8d36-56ca1bcb3e4c', 'af490318-6e0b-4e99-a28b-efac84e0b897', 'ivyann@sfxsai.com', 'FINANCE', '\okay lang po', 'USER', '2026-06-16 16:46:05.882', '2026-06-16 16:46:08.11');
INSERT INTO public."ChatMessage" (id, "conversationId", "senderUserId", "senderName", "senderRole", body, source, "createdAt", "readAt") VALUES ('a6739076-63cb-4b8a-b797-833b31829328', '5522e1a1-b877-4883-8d36-56ca1bcb3e4c', 'af490318-6e0b-4e99-a28b-efac84e0b897', 'ivyann@sfxsai.com', 'FINANCE', 'ikaw?', 'USER', '2026-06-16 16:46:07.275', '2026-06-16 16:46:08.11');
INSERT INTO public."ChatMessage" (id, "conversationId", "senderUserId", "senderName", "senderRole", body, source, "createdAt", "readAt") VALUES ('dca4f38b-28de-4e41-82a5-966dd4e20fda', '5522e1a1-b877-4883-8d36-56ca1bcb3e4c', 'af490318-6e0b-4e99-a28b-efac84e0b897', 'ivyann@sfxsai.com', 'FINANCE', 'hehe', 'USER', '2026-06-16 16:46:12.363', '2026-06-16 16:46:12.922');
INSERT INTO public."ChatMessage" (id, "conversationId", "senderUserId", "senderName", "senderRole", body, source, "createdAt", "readAt") VALUES ('615d79b1-49be-49d3-a564-df9eaa1085d2', '5522e1a1-b877-4883-8d36-56ca1bcb3e4c', 'af490318-6e0b-4e99-a28b-efac84e0b897', 'ivyann@sfxsai.com', 'FINANCE', 'sure uy', 'USER', '2026-06-16 16:46:13.935', '2026-06-16 16:46:17.932');
INSERT INTO public."ChatMessage" (id, "conversationId", "senderUserId", "senderName", "senderRole", body, source, "createdAt", "readAt") VALUES ('18a1497b-442b-47cc-ad11-c6c66fd77812', '421a6a5a-7545-4b9f-ade6-910ed0922eff', 'af490318-6e0b-4e99-a28b-efac84e0b897', 'ivyann@sfxsai.com', 'FINANCE', 'hi', 'USER', '2026-06-16 16:56:46.604', NULL);
INSERT INTO public."ChatMessage" (id, "conversationId", "senderUserId", "senderName", "senderRole", body, source, "createdAt", "readAt") VALUES ('4e560971-a880-4847-b2ef-d31f4405a6d3', '5522e1a1-b877-4883-8d36-56ca1bcb3e4c', 'af490318-6e0b-4e99-a28b-efac84e0b897', 'ivyann@sfxsai.com', 'FINANCE', 'hi', 'USER', '2026-06-16 16:57:20.387', '2026-06-16 16:57:20.537');
INSERT INTO public."ChatMessage" (id, "conversationId", "senderUserId", "senderName", "senderRole", body, source, "createdAt", "readAt") VALUES ('84dbcabb-542e-426e-88dc-7737f9436f6f', '442bd310-2e87-4d1d-abd8-839c1d275d9f', 'd5e1e99b-f109-44be-b3bb-0d5547f16d73', 'student1@sfxsai.com', 'STUDENT', 'Hello world', 'USER', '2026-06-16 16:58:27.101', NULL);
INSERT INTO public."ChatMessage" (id, "conversationId", "senderUserId", "senderName", "senderRole", body, source, "createdAt", "readAt") VALUES ('a45a8aee-00d7-44dd-89f0-9aac4590be83', '421a6a5a-7545-4b9f-ade6-910ed0922eff', 'af490318-6e0b-4e99-a28b-efac84e0b897', 'ivyann@sfxsai.com', 'FINANCE', 'tet', 'USER', '2026-06-16 17:04:31.707', NULL);
INSERT INTO public."ChatMessage" (id, "conversationId", "senderUserId", "senderName", "senderRole", body, source, "createdAt", "readAt") VALUES ('c4c80e40-e040-4fd6-882a-bc9af73f022a', '421a6a5a-7545-4b9f-ade6-910ed0922eff', 'af490318-6e0b-4e99-a28b-efac84e0b897', 'ivyann@sfxsai.com', 'FINANCE', 'test', 'USER', '2026-06-16 17:04:43.448', NULL);
INSERT INTO public."ChatMessage" (id, "conversationId", "senderUserId", "senderName", "senderRole", body, source, "createdAt", "readAt") VALUES ('c6544b52-ec64-4fcc-a097-543a684c90a1', '421a6a5a-7545-4b9f-ade6-910ed0922eff', 'af490318-6e0b-4e99-a28b-efac84e0b897', 'ivyann@sfxsai.com', 'FINANCE', 'test', 'USER', '2026-06-16 17:04:59.5', NULL);
INSERT INTO public."ChatMessage" (id, "conversationId", "senderUserId", "senderName", "senderRole", body, source, "createdAt", "readAt") VALUES ('2094ba0e-fe6e-4590-924a-ef378d8f1273', '5522e1a1-b877-4883-8d36-56ca1bcb3e4c', 'af490318-6e0b-4e99-a28b-efac84e0b897', 'ivyann@sfxsai.com', 'FINANCE', 'hi', 'USER', '2026-06-16 17:05:34.28', '2026-06-16 17:05:37.923');
INSERT INTO public."ChatMessage" (id, "conversationId", "senderUserId", "senderName", "senderRole", body, source, "createdAt", "readAt") VALUES ('4a8f8419-6bb1-4cf8-a437-a9c8290def2a', '5522e1a1-b877-4883-8d36-56ca1bcb3e4c', '2f41ffce-d3a2-43b9-af24-4c9c8d63bd8f', 'rene@sfxsai.com', 'REGISTRAR', 'hello', 'USER', '2026-06-16 17:05:41.254', '2026-06-16 17:05:41.335');
INSERT INTO public."ChatMessage" (id, "conversationId", "senderUserId", "senderName", "senderRole", body, source, "createdAt", "readAt") VALUES ('484fe431-f4bb-4f6d-b050-e0c2c690e094', '5522e1a1-b877-4883-8d36-56ca1bcb3e4c', '2f41ffce-d3a2-43b9-af24-4c9c8d63bd8f', 'rene@sfxsai.com', 'REGISTRAR', 'ano?', 'USER', '2026-06-16 17:05:44.198', '2026-06-16 17:05:44.404');
INSERT INTO public."ChatMessage" (id, "conversationId", "senderUserId", "senderName", "senderRole", body, source, "createdAt", "readAt") VALUES ('df1c1f63-00c8-4c2b-a41e-e0e830ca632e', '5522e1a1-b877-4883-8d36-56ca1bcb3e4c', '2f41ffce-d3a2-43b9-af24-4c9c8d63bd8f', 'rene@sfxsai.com', 'REGISTRAR', 'haha', 'USER', '2026-06-16 17:05:45.63', '2026-06-16 17:05:45.843');
INSERT INTO public."ChatMessage" (id, "conversationId", "senderUserId", "senderName", "senderRole", body, source, "createdAt", "readAt") VALUES ('c9e636c1-3f15-4855-b760-e49bfe6676d8', '5522e1a1-b877-4883-8d36-56ca1bcb3e4c', '2f41ffce-d3a2-43b9-af24-4c9c8d63bd8f', 'rene@sfxsai.com', 'REGISTRAR', 'what uy', 'USER', '2026-06-16 17:05:47.215', '2026-06-16 17:05:47.247');
INSERT INTO public."ChatMessage" (id, "conversationId", "senderUserId", "senderName", "senderRole", body, source, "createdAt", "readAt") VALUES ('f133a93c-ed83-46cd-9e3e-f1973a37294b', '5522e1a1-b877-4883-8d36-56ca1bcb3e4c', '2f41ffce-d3a2-43b9-af24-4c9c8d63bd8f', 'rene@sfxsai.com', 'REGISTRAR', 'grean', 'USER', '2026-06-16 17:05:48.7', '2026-06-16 17:05:48.742');
INSERT INTO public."ChatMessage" (id, "conversationId", "senderUserId", "senderName", "senderRole", body, source, "createdAt", "readAt") VALUES ('dcb11fcd-a4f8-4d45-b430-c231d521ff4c', '5522e1a1-b877-4883-8d36-56ca1bcb3e4c', '2f41ffce-d3a2-43b9-af24-4c9c8d63bd8f', 'rene@sfxsai.com', 'REGISTRAR', 'sir', 'USER', '2026-06-16 17:05:54.957', '2026-06-16 17:06:01.61');
INSERT INTO public."ChatMessage" (id, "conversationId", "senderUserId", "senderName", "senderRole", body, source, "createdAt", "readAt") VALUES ('ca3075c2-e2ba-40a8-a8c1-ca7ec0591226', '5522e1a1-b877-4883-8d36-56ca1bcb3e4c', '2f41ffce-d3a2-43b9-af24-4c9c8d63bd8f', 'rene@sfxsai.com', 'REGISTRAR', 'please', 'USER', '2026-06-16 17:05:56.986', '2026-06-16 17:06:01.61');
INSERT INTO public."ChatMessage" (id, "conversationId", "senderUserId", "senderName", "senderRole", body, source, "createdAt", "readAt") VALUES ('658e477e-f002-4441-a126-cdcc220c8479', '5522e1a1-b877-4883-8d36-56ca1bcb3e4c', '2f41ffce-d3a2-43b9-af24-4c9c8d63bd8f', 'rene@sfxsai.com', 'REGISTRAR', 'mam', 'USER', '2026-06-16 17:22:06.514', '2026-06-16 17:22:53.732');
INSERT INTO public."ChatMessage" (id, "conversationId", "senderUserId", "senderName", "senderRole", body, source, "createdAt", "readAt") VALUES ('c1a226d8-86bc-47e0-8468-b5a826a4a5f8', '5522e1a1-b877-4883-8d36-56ca1bcb3e4c', '2f41ffce-d3a2-43b9-af24-4c9c8d63bd8f', 'rene@sfxsai.com', 'REGISTRAR', 'mam', 'USER', '2026-06-16 17:22:07.257', '2026-06-16 17:22:53.732');
INSERT INTO public."ChatMessage" (id, "conversationId", "senderUserId", "senderName", "senderRole", body, source, "createdAt", "readAt") VALUES ('89abcc4f-4d1c-466e-863e-9315f33f6a8e', '5522e1a1-b877-4883-8d36-56ca1bcb3e4c', 'af490318-6e0b-4e99-a28b-efac84e0b897', 'ivyann@sfxsai.com', 'FINANCE', 'uy', 'USER', '2026-06-16 17:23:01.084', '2026-06-16 17:23:01.422');
INSERT INTO public."ChatMessage" (id, "conversationId", "senderUserId", "senderName", "senderRole", body, source, "createdAt", "readAt") VALUES ('e4f7772e-141e-450f-a8f2-f13e133bef81', '5522e1a1-b877-4883-8d36-56ca1bcb3e4c', '2f41ffce-d3a2-43b9-af24-4c9c8d63bd8f', 'rene@sfxsai.com', 'REGISTRAR', 'hehe', 'USER', '2026-06-16 17:23:03.984', '2026-06-16 17:23:04.191');
INSERT INTO public."ChatMessage" (id, "conversationId", "senderUserId", "senderName", "senderRole", body, source, "createdAt", "readAt") VALUES ('3b370d92-8e04-49cd-b274-5c62d834b33c', '5522e1a1-b877-4883-8d36-56ca1bcb3e4c', '2f41ffce-d3a2-43b9-af24-4c9c8d63bd8f', 'rene@sfxsai.com', 'REGISTRAR', 'sure', 'USER', '2026-06-16 17:23:04.675', '2026-06-16 17:23:04.732');
INSERT INTO public."ChatMessage" (id, "conversationId", "senderUserId", "senderName", "senderRole", body, source, "createdAt", "readAt") VALUES ('e7bbeb54-fc58-4617-bf36-030af74d14c1', '5522e1a1-b877-4883-8d36-56ca1bcb3e4c', '2f41ffce-d3a2-43b9-af24-4c9c8d63bd8f', 'rene@sfxsai.com', 'REGISTRAR', 'ess', 'USER', '2026-06-16 17:23:05.742', '2026-06-16 17:23:06.366');
INSERT INTO public."ChatMessage" (id, "conversationId", "senderUserId", "senderName", "senderRole", body, source, "createdAt", "readAt") VALUES ('c03bf4b2-b74f-469f-b3ac-f5e9b6db84e4', '42884205-cd8f-4384-afc1-5b1fb327a0bf', 'd02de544-b8f5-4620-8a00-37b41f8b03cb', 'jbriones.13579@gmail.com', 'TEACHER', 'hello', 'USER', '2026-06-16 17:23:55.395', '2026-06-16 17:23:56.282');
INSERT INTO public."ChatMessage" (id, "conversationId", "senderUserId", "senderName", "senderRole", body, source, "createdAt", "readAt") VALUES ('d27c32d0-a429-434f-b2aa-e7e31ee3459d', '42884205-cd8f-4384-afc1-5b1fb327a0bf', '2f41ffce-d3a2-43b9-af24-4c9c8d63bd8f', 'rene@sfxsai.com', 'REGISTRAR', 'hi', 'USER', '2026-06-16 17:44:34.569', '2026-06-16 17:44:42.02');


--
-- Data for Name: DepEdForm; Type: TABLE DATA; Schema: public; Owner: -
--



--
-- Data for Name: DocumentRequest; Type: TABLE DATA; Schema: public; Owner: -
--

INSERT INTO public."DocumentRequest" (id, "requestNo", "studentName", "documentType", "paymentStatus", "requestStatus", "requestedAt", "releaseDate", "academicYearId") VALUES ('2b36fa3a-8f0d-4af1-8313-0c7ca38a20de', 'REQ-001', 'Student 1 Test', 'Form 137', 'Paid', 'Processing', '2026-06-15 13:02:30.628', NULL, NULL);
INSERT INTO public."DocumentRequest" (id, "requestNo", "studentName", "documentType", "paymentStatus", "requestStatus", "requestedAt", "releaseDate", "academicYearId") VALUES ('52f54538-e5af-4ae6-9b6b-fd75c01114d3', 'REQ-002', 'Student 5 Test', 'Good Moral', 'Paid', 'Processing', '2026-06-14 13:02:30.628', NULL, NULL);
INSERT INTO public."DocumentRequest" (id, "requestNo", "studentName", "documentType", "paymentStatus", "requestStatus", "requestedAt", "releaseDate", "academicYearId") VALUES ('50a58ff8-5d5c-44ed-9048-965e77990bd7', 'REQ-003', 'Student 12 Test', 'Certificate of Enrollment', 'Paid', 'Processing', '2026-06-13 13:02:30.628', NULL, NULL);


--
-- Data for Name: DocumentRequirement; Type: TABLE DATA; Schema: public; Owner: -
--



--
-- Data for Name: EnrollmentApplication; Type: TABLE DATA; Schema: public; Owner: -
--

INSERT INTO public."EnrollmentApplication" (id, "applicationNo", "studentName", "gradeLevel", "studentType", status, "documentStatus", "financeStatus", "submittedAt", "reviewedBy", remarks, "academicYearId", section) VALUES ('07c49d24-ea3f-4d49-afff-0779b1aecbaa', 'APP-2026-001', 'Juan Dela Cruz', 'G7', 'Returning', 'Officially Enrolled', 'Complete', 'Pending', '2026-06-10 20:05:22.457', NULL, NULL, '2fb5c50a-ade1-4196-896d-b1fdb921daad', NULL);
INSERT INTO public."EnrollmentApplication" (id, "applicationNo", "studentName", "gradeLevel", "studentType", status, "documentStatus", "financeStatus", "submittedAt", "reviewedBy", remarks, "academicYearId", section) VALUES ('80b2afd7-5171-4704-b08d-c519d9e0cc1d', 'APP-2026-002', 'Kian Dela Cruz', 'G11', 'New', 'Officially Enrolled', 'Complete', 'Pending', '2026-06-10 20:36:25.36', NULL, NULL, '2fb5c50a-ade1-4196-896d-b1fdb921daad', NULL);
INSERT INTO public."EnrollmentApplication" (id, "applicationNo", "studentName", "gradeLevel", "studentType", status, "documentStatus", "financeStatus", "submittedAt", "reviewedBy", remarks, "academicYearId", section) VALUES ('22c6f937-bd94-47fe-9268-f734c6db6d0e', 'APP-2026-003', 'Michael  Sotto', 'G7', 'New', 'Officially Enrolled', 'Complete', 'Pending', '2026-06-11 12:08:21.148', NULL, NULL, '2fb5c50a-ade1-4196-896d-b1fdb921daad', NULL);
INSERT INTO public."EnrollmentApplication" (id, "applicationNo", "studentName", "gradeLevel", "studentType", status, "documentStatus", "financeStatus", "submittedAt", "reviewedBy", remarks, "academicYearId", section) VALUES ('2474a43f-18c0-4182-8cb7-2e848a188809', 'APP-2026-004', 'Myranel Plaza', 'G2', 'Continuing', 'Officially Enrolled', 'Complete', 'Pending', '2026-06-11 12:16:32.806', NULL, NULL, '2fb5c50a-ade1-4196-896d-b1fdb921daad', NULL);
INSERT INTO public."EnrollmentApplication" (id, "applicationNo", "studentName", "gradeLevel", "studentType", status, "documentStatus", "financeStatus", "submittedAt", "reviewedBy", remarks, "academicYearId", section) VALUES ('04123664-b4a9-4440-8704-c08b4bf64551', 'APP-2026-005', 'Juan Dela Cruz', 'G10', 'Continuing', 'Pending', 'Incomplete', 'Pending', '2026-06-11 14:03:55.278', NULL, NULL, '2fb5c50a-ade1-4196-896d-b1fdb921daad', NULL);
INSERT INTO public."EnrollmentApplication" (id, "applicationNo", "studentName", "gradeLevel", "studentType", status, "documentStatus", "financeStatus", "submittedAt", "reviewedBy", remarks, "academicYearId", section) VALUES ('f0d4bee9-6a32-4c13-b485-8c9c91cd248d', 'APP-2026-0006', 'Arah Ellianna Estelemera', 'Grade 3', 'Learner', 'Pending review', 'Pending', 'Unassessed', '2026-06-15 11:11:00', NULL, NULL, '2fb5c50a-ade1-4196-896d-b1fdb921daad', NULL);
INSERT INTO public."EnrollmentApplication" (id, "applicationNo", "studentName", "gradeLevel", "studentType", status, "documentStatus", "financeStatus", "submittedAt", "reviewedBy", remarks, "academicYearId", section) VALUES ('e3ebf1f0-fffd-49e4-8df2-a8434b3b68b4', 'APP-2026-0007', 'Almera Hope Apellanes', 'Nursery', 'Learner', 'Pending review', 'Pending', 'Unassessed', '2026-06-15 11:15:00', NULL, NULL, '2fb5c50a-ade1-4196-896d-b1fdb921daad', NULL);


--
-- Data for Name: FeeTemplate; Type: TABLE DATA; Schema: public; Owner: -
--

INSERT INTO public."FeeTemplate" (id, "academicYearId", "gradeLevel", name, "isActive", "createdAt", "updatedAt") VALUES ('2725f35a-7d97-44e1-898f-2d9d2fbbde1e', '2fb5c50a-ade1-4196-896d-b1fdb921daad', 'G7', '	Whole Year Tuition', true, '2026-06-11 10:26:32.898', '2026-06-11 10:26:32.898');
INSERT INTO public."FeeTemplate" (id, "academicYearId", "gradeLevel", name, "isActive", "createdAt", "updatedAt") VALUES ('cdbe18a7-2009-45cb-bb82-620a5f09cdb2', '2fb5c50a-ade1-4196-896d-b1fdb921daad', 'G2', 'Whole Year Tuition', true, '2026-06-11 12:26:31.576', '2026-06-11 12:26:31.576');
INSERT INTO public."FeeTemplate" (id, "academicYearId", "gradeLevel", name, "isActive", "createdAt", "updatedAt") VALUES ('b95dd0fb-733f-44b2-81ff-cba357027c34', '2fb5c50a-ade1-4196-896d-b1fdb921daad', 'Nursery', 'Whole Year Tuition', true, '2026-06-17 06:52:36.421', '2026-06-17 06:52:36.421');
INSERT INTO public."FeeTemplate" (id, "academicYearId", "gradeLevel", name, "isActive", "createdAt", "updatedAt") VALUES ('de3846c8-34c1-4849-a10b-8b2b0eaff52f', '2fb5c50a-ade1-4196-896d-b1fdb921daad', 'G1', 'Whole Year Tuition', false, '2026-06-11 09:43:31.414', '2026-06-17 07:09:41.398');
INSERT INTO public."FeeTemplate" (id, "academicYearId", "gradeLevel", name, "isActive", "createdAt", "updatedAt") VALUES ('5b7c46b4-a2d9-4d60-a0da-0df3114b4088', '2fb5c50a-ade1-4196-896d-b1fdb921daad', 'G1', 'Whole Year Tuitions', true, '2026-06-17 07:10:20.581', '2026-06-17 07:10:20.581');


--
-- Data for Name: FeeType; Type: TABLE DATA; Schema: public; Owner: -
--

INSERT INTO public."FeeType" (id, name, description, "isActive", "createdAt", "updatedAt") VALUES ('df809bea-5fe6-4cc0-9728-e54701959688', 'Tuition', NULL, true, '2026-06-11 09:41:40.712', '2026-06-11 12:24:40.578');


--
-- Data for Name: FeeTemplateLineItem; Type: TABLE DATA; Schema: public; Owner: -
--

INSERT INTO public."FeeTemplateLineItem" (id, "feeTemplateId", "feeTypeId", description, amount, "sortOrder") VALUES ('cacc9923-8208-430e-8221-11871c914bf0', 'de3846c8-34c1-4849-a10b-8b2b0eaff52f', 'df809bea-5fe6-4cc0-9728-e54701959688', 'Grade 1 Whole Year ', 7000, 0);
INSERT INTO public."FeeTemplateLineItem" (id, "feeTemplateId", "feeTypeId", description, amount, "sortOrder") VALUES ('6b36ca5d-6272-4c79-b275-063c78dc5c69', '2725f35a-7d97-44e1-898f-2d9d2fbbde1e', 'df809bea-5fe6-4cc0-9728-e54701959688', '	Whole Year Tuition', 9000, 0);
INSERT INTO public."FeeTemplateLineItem" (id, "feeTemplateId", "feeTypeId", description, amount, "sortOrder") VALUES ('1ecae239-8a63-4419-a6fa-c80e7596c299', 'cdbe18a7-2009-45cb-bb82-620a5f09cdb2', 'df809bea-5fe6-4cc0-9728-e54701959688', 'Tuition', 7500, 0);
INSERT INTO public."FeeTemplateLineItem" (id, "feeTemplateId", "feeTypeId", description, amount, "sortOrder") VALUES ('006c50e3-5c2c-4bba-98f1-a5737d3723d7', 'b95dd0fb-733f-44b2-81ff-cba357027c34', 'df809bea-5fe6-4cc0-9728-e54701959688', 'Tuition', 13500, 0);
INSERT INTO public."FeeTemplateLineItem" (id, "feeTemplateId", "feeTypeId", description, amount, "sortOrder") VALUES ('018b5785-ac58-40b4-8dde-5d8448e66aa5', '5b7c46b4-a2d9-4d60-a0da-0df3114b4088', 'df809bea-5fe6-4cc0-9728-e54701959688', 'Tuition', 12500, 0);


--
-- Data for Name: IdQrRecord; Type: TABLE DATA; Schema: public; Owner: -
--



--
-- Data for Name: IntegrationLog; Type: TABLE DATA; Schema: public; Owner: -
--

INSERT INTO public."IntegrationLog" (id, action, "sourceModule", "targetModule", "studentId", "academicYearId", status, message, "performedById", "createdAt") VALUES ('9df1ff80-9557-4e46-9f03-c402403d6ad7', 'READ_FINANCE_CLEARANCE', 'FINANCE', 'REGISTRAR', NULL, '2fb5c50a-ade1-4196-896d-b1fdb921daad', 'SUCCESS', 'Returned 0 clearance rows.', 'af490318-6e0b-4e99-a28b-efac84e0b897', '2026-06-11 09:51:29.24');
INSERT INTO public."IntegrationLog" (id, action, "sourceModule", "targetModule", "studentId", "academicYearId", status, message, "performedById", "createdAt") VALUES ('5edd54e1-1cdc-43be-8def-d7e4ed1ad289', 'READ_FINANCE_CLEARANCE', 'FINANCE', 'REGISTRAR', NULL, '2fb5c50a-ade1-4196-896d-b1fdb921daad', 'SUCCESS', 'Returned 0 clearance rows.', 'af490318-6e0b-4e99-a28b-efac84e0b897', '2026-06-11 09:55:39.712');
INSERT INTO public."IntegrationLog" (id, action, "sourceModule", "targetModule", "studentId", "academicYearId", status, message, "performedById", "createdAt") VALUES ('9f2b4132-652c-45b8-8875-816e756d394c', 'READ_STUDENT_FINANCE_PROFILE', 'REGISTRAR', 'FINANCE', '5e09f7b7-d86a-49c4-b73d-30d228e7ba0b', '2fb5c50a-ade1-4196-896d-b1fdb921daad', 'SUCCESS', 'Integrated student finance profile read.', 'af490318-6e0b-4e99-a28b-efac84e0b897', '2026-06-11 09:55:39.73');
INSERT INTO public."IntegrationLog" (id, action, "sourceModule", "targetModule", "studentId", "academicYearId", status, message, "performedById", "createdAt") VALUES ('112ca461-393b-4e44-a3e8-4a6b161055b3', 'READ_FINANCE_CLEARANCE', 'FINANCE', 'REGISTRAR', NULL, '2fb5c50a-ade1-4196-896d-b1fdb921daad', 'SUCCESS', 'Returned 0 clearance rows.', 'af490318-6e0b-4e99-a28b-efac84e0b897', '2026-06-11 09:56:09.836');
INSERT INTO public."IntegrationLog" (id, action, "sourceModule", "targetModule", "studentId", "academicYearId", status, message, "performedById", "createdAt") VALUES ('32478961-bdc5-4aac-963f-2e396285bbe4', 'READ_STUDENT_FINANCE_PROFILE', 'REGISTRAR', 'FINANCE', '5e09f7b7-d86a-49c4-b73d-30d228e7ba0b', '2fb5c50a-ade1-4196-896d-b1fdb921daad', 'SUCCESS', 'Integrated student finance profile read.', 'af490318-6e0b-4e99-a28b-efac84e0b897', '2026-06-11 09:56:09.846');
INSERT INTO public."IntegrationLog" (id, action, "sourceModule", "targetModule", "studentId", "academicYearId", status, message, "performedById", "createdAt") VALUES ('173e8369-9415-425f-b244-31d0066fbcc2', 'READ_STUDENT_FINANCE_PROFILE', 'REGISTRAR', 'FINANCE', '5e09f7b7-d86a-49c4-b73d-30d228e7ba0b', '2fb5c50a-ade1-4196-896d-b1fdb921daad', 'SUCCESS', 'Integrated student finance profile read.', 'af490318-6e0b-4e99-a28b-efac84e0b897', '2026-06-11 09:56:22.888');
INSERT INTO public."IntegrationLog" (id, action, "sourceModule", "targetModule", "studentId", "academicYearId", status, message, "performedById", "createdAt") VALUES ('2e806cce-acf9-496f-a3d3-445f317215b0', 'READ_FINANCE_CLEARANCE', 'FINANCE', 'REGISTRAR', NULL, '2fb5c50a-ade1-4196-896d-b1fdb921daad', 'SUCCESS', 'Returned 0 clearance rows.', 'af490318-6e0b-4e99-a28b-efac84e0b897', '2026-06-11 09:58:23.236');
INSERT INTO public."IntegrationLog" (id, action, "sourceModule", "targetModule", "studentId", "academicYearId", status, message, "performedById", "createdAt") VALUES ('994547d5-6aa9-4895-b36f-c994752ba0c6', 'READ_STUDENT_FINANCE_PROFILE', 'REGISTRAR', 'FINANCE', '5e09f7b7-d86a-49c4-b73d-30d228e7ba0b', '2fb5c50a-ade1-4196-896d-b1fdb921daad', 'SUCCESS', 'Integrated student finance profile read.', 'af490318-6e0b-4e99-a28b-efac84e0b897', '2026-06-11 09:58:23.249');


--
-- Data for Name: LearnerMovement; Type: TABLE DATA; Schema: public; Owner: -
--



--
-- Data for Name: StudentAssessment; Type: TABLE DATA; Schema: public; Owner: -
--

INSERT INTO public."StudentAssessment" (id, "studentId", "academicYearId", "feeTemplateId", "regularDiscountPercent", "siblingDiscountPercent", "scholarshipDiscountPercent", "grossAmount", "discountAmount", "netAmount", "paidAmount", balance, "financeStatus", "createdById", "updatedById", "createdAt", "updatedAt") VALUES ('ca1d8352-5d33-429c-8346-af7fc7306e5f', '7895eb39-cc95-4fae-b5c9-3f5d21031f2f', '2fb5c50a-ade1-4196-896d-b1fdb921daad', 'de3846c8-34c1-4849-a10b-8b2b0eaff52f', 0, 0, 100, 7000, 7000, 0, 0, 0, 'Cleared', 'af490318-6e0b-4e99-a28b-efac84e0b897', 'af490318-6e0b-4e99-a28b-efac84e0b897', '2026-06-17 07:01:49.76', '2026-06-17 07:01:49.76');
INSERT INTO public."StudentAssessment" (id, "studentId", "academicYearId", "feeTemplateId", "regularDiscountPercent", "siblingDiscountPercent", "scholarshipDiscountPercent", "grossAmount", "discountAmount", "netAmount", "paidAmount", balance, "financeStatus", "createdById", "updatedById", "createdAt", "updatedAt") VALUES ('94b00082-23ad-4e74-bd6b-685e336b273b', '609d2771-86c6-4a0e-a49a-27fe671d0f60', '2fb5c50a-ade1-4196-896d-b1fdb921daad', '5b7c46b4-a2d9-4d60-a0da-0df3114b4088', 16, 0, 0, 12500, 2000, 10500, 2000, 8500, 'With Balance', 'af490318-6e0b-4e99-a28b-efac84e0b897', 'af490318-6e0b-4e99-a28b-efac84e0b897', '2026-06-17 07:10:50.701', '2026-06-17 07:11:43.641');
INSERT INTO public."StudentAssessment" (id, "studentId", "academicYearId", "feeTemplateId", "regularDiscountPercent", "siblingDiscountPercent", "scholarshipDiscountPercent", "grossAmount", "discountAmount", "netAmount", "paidAmount", balance, "financeStatus", "createdById", "updatedById", "createdAt", "updatedAt") VALUES ('7998ba16-40a5-4985-8b9f-0b9d013ef7e4', '5244dc5d-d2ee-4d26-ab1b-88c925320592', '2fb5c50a-ade1-4196-896d-b1fdb921daad', 'b95dd0fb-733f-44b2-81ff-cba357027c34', 0, 0, 0, 13500, 0, 13500, 1600, 11900, 'With Balance', 'af490318-6e0b-4e99-a28b-efac84e0b897', 'af490318-6e0b-4e99-a28b-efac84e0b897', '2026-06-17 06:53:24.016', '2026-06-17 08:03:53.806');


--
-- Data for Name: Payment; Type: TABLE DATA; Schema: public; Owner: -
--

INSERT INTO public."Payment" (id, "studentAssessmentId", "studentId", "academicYearId", "receiptNumber", method, amount, "paymentDate", remarks, "encodedById", "createdAt", "updatedAt") VALUES ('24667e60-d93d-4b45-8fee-8c03ded63477', '7998ba16-40a5-4985-8b9f-0b9d013ef7e4', '5244dc5d-d2ee-4d26-ab1b-88c925320592', '2fb5c50a-ade1-4196-896d-b1fdb921daad', '001', 'Cash', 100, '2026-06-17 00:00:00', 'Yoona', 'af490318-6e0b-4e99-a28b-efac84e0b897', '2026-06-17 06:55:57.269', '2026-06-17 06:55:57.269');
INSERT INTO public."Payment" (id, "studentAssessmentId", "studentId", "academicYearId", "receiptNumber", method, amount, "paymentDate", remarks, "encodedById", "createdAt", "updatedAt") VALUES ('b8524f3e-04fd-4514-802b-5d3320ba6cf1', '94b00082-23ad-4e74-bd6b-685e336b273b', '609d2771-86c6-4a0e-a49a-27fe671d0f60', '2fb5c50a-ade1-4196-896d-b1fdb921daad', '002', 'Cash', 2000, '2026-06-17 00:00:00', 'dennis', 'af490318-6e0b-4e99-a28b-efac84e0b897', '2026-06-17 07:11:43.182', '2026-06-17 07:11:43.182');
INSERT INTO public."Payment" (id, "studentAssessmentId", "studentId", "academicYearId", "receiptNumber", method, amount, "paymentDate", remarks, "encodedById", "createdAt", "updatedAt") VALUES ('d40c5516-3d3a-4b92-b65a-a1b398285794', '7998ba16-40a5-4985-8b9f-0b9d013ef7e4', '5244dc5d-d2ee-4d26-ab1b-88c925320592', '2fb5c50a-ade1-4196-896d-b1fdb921daad', '003', 'Cash', 1500, '2026-06-17 00:00:00', 'Myranel', 'af490318-6e0b-4e99-a28b-efac84e0b897', '2026-06-17 08:03:53.706', '2026-06-17 08:03:53.706');


--
-- Data for Name: PaymentReceiptAudit; Type: TABLE DATA; Schema: public; Owner: -
--



--
-- Data for Name: Section; Type: TABLE DATA; Schema: public; Owner: -
--

INSERT INTO public."Section" (id, "gradeLevel", "sectionName", adviser, room, capacity, enrolled, "availableSlots", status, "academicYearId") VALUES ('4cf43a3a-01c0-47bc-a692-03b6f590a8dd', 'G3', 'SFXSAI', '', '', 30, 14, 16, 'Open', '2fb5c50a-ade1-4196-896d-b1fdb921daad');
INSERT INTO public."Section" (id, "gradeLevel", "sectionName", adviser, room, capacity, enrolled, "availableSlots", status, "academicYearId") VALUES ('69f330d0-9380-4483-8952-31e8c211a265', 'Nursery', 'SFXSAI', '', '', 30, 11, 19, 'Open', '2fb5c50a-ade1-4196-896d-b1fdb921daad');
INSERT INTO public."Section" (id, "gradeLevel", "sectionName", adviser, room, capacity, enrolled, "availableSlots", status, "academicYearId") VALUES ('b8c4fc21-464a-4da9-b140-6782f7b3191c', 'Nursery', 'MABDC', '', '', 30, 0, 30, 'Open', '2fb5c50a-ade1-4196-896d-b1fdb921daad');
INSERT INTO public."Section" (id, "gradeLevel", "sectionName", adviser, room, capacity, enrolled, "availableSlots", status, "academicYearId") VALUES ('94271951-1d63-4506-8934-434145cf2a20', 'K2', 'SFXSAI', '', '', 30, 11, 19, 'Open', '2fb5c50a-ade1-4196-896d-b1fdb921daad');
INSERT INTO public."Section" (id, "gradeLevel", "sectionName", adviser, room, capacity, enrolled, "availableSlots", status, "academicYearId") VALUES ('c820e9e9-3b15-4e7b-bfc5-8320ee993b66', 'K2', 'MABDC', '', '', 30, 0, 30, 'Open', '2fb5c50a-ade1-4196-896d-b1fdb921daad');
INSERT INTO public."Section" (id, "gradeLevel", "sectionName", adviser, room, capacity, enrolled, "availableSlots", status, "academicYearId") VALUES ('f49703d2-ecac-4edf-9eac-00b29679acbf', 'G1', 'SFXSAI', '', '', 30, 7, 23, 'Open', '2fb5c50a-ade1-4196-896d-b1fdb921daad');
INSERT INTO public."Section" (id, "gradeLevel", "sectionName", adviser, room, capacity, enrolled, "availableSlots", status, "academicYearId") VALUES ('240a9f11-017e-45d1-a294-953eb9571c3f', 'G1', 'MABDC', '', '', 30, 0, 30, 'Open', '2fb5c50a-ade1-4196-896d-b1fdb921daad');
INSERT INTO public."Section" (id, "gradeLevel", "sectionName", adviser, room, capacity, enrolled, "availableSlots", status, "academicYearId") VALUES ('821b014c-d177-4cde-8d8d-f46094802f0d', 'G2', 'SFXSAI', '', '', 30, 7, 23, 'Open', '2fb5c50a-ade1-4196-896d-b1fdb921daad');
INSERT INTO public."Section" (id, "gradeLevel", "sectionName", adviser, room, capacity, enrolled, "availableSlots", status, "academicYearId") VALUES ('1d1564ce-31b3-4b4f-8d8a-679b637f2de3', 'G2', 'MABDC', '', '', 30, 0, 30, 'Open', '2fb5c50a-ade1-4196-896d-b1fdb921daad');
INSERT INTO public."Section" (id, "gradeLevel", "sectionName", adviser, room, capacity, enrolled, "availableSlots", status, "academicYearId") VALUES ('2122b718-c5f1-42f4-9fee-210a5bb37a7a', 'G3', 'MABDC', '', '', 30, 0, 30, 'Open', '2fb5c50a-ade1-4196-896d-b1fdb921daad');
INSERT INTO public."Section" (id, "gradeLevel", "sectionName", adviser, room, capacity, enrolled, "availableSlots", status, "academicYearId") VALUES ('62eef9bf-46e0-4013-9141-0e6cb99ff137', 'G4', 'SFXSAI', '', '', 30, 6, 24, 'Open', '2fb5c50a-ade1-4196-896d-b1fdb921daad');
INSERT INTO public."Section" (id, "gradeLevel", "sectionName", adviser, room, capacity, enrolled, "availableSlots", status, "academicYearId") VALUES ('2e646e7d-a8fd-4dba-a9df-881f2ce2851a', 'G4', 'MABDC', '', '', 30, 0, 30, 'Open', '2fb5c50a-ade1-4196-896d-b1fdb921daad');
INSERT INTO public."Section" (id, "gradeLevel", "sectionName", adviser, room, capacity, enrolled, "availableSlots", status, "academicYearId") VALUES ('35d71f43-1584-4bb8-865d-f9e7f2e3b663', 'G5', 'SFXSAI', '', '', 30, 3, 27, 'Open', '2fb5c50a-ade1-4196-896d-b1fdb921daad');
INSERT INTO public."Section" (id, "gradeLevel", "sectionName", adviser, room, capacity, enrolled, "availableSlots", status, "academicYearId") VALUES ('d7bc358d-dfa2-4db7-b6a0-a8a8706f45ea', 'G5', 'MABDC', '', '', 30, 0, 30, 'Open', '2fb5c50a-ade1-4196-896d-b1fdb921daad');
INSERT INTO public."Section" (id, "gradeLevel", "sectionName", adviser, room, capacity, enrolled, "availableSlots", status, "academicYearId") VALUES ('c9ba8ab8-78ab-4abe-a7bf-ec04e3f6ebeb', 'G6', 'SFXSAI', '', '', 30, 2, 28, 'Open', '2fb5c50a-ade1-4196-896d-b1fdb921daad');
INSERT INTO public."Section" (id, "gradeLevel", "sectionName", adviser, room, capacity, enrolled, "availableSlots", status, "academicYearId") VALUES ('4fddbd0e-fb7a-44ef-b498-d0b5eec2b9fc', 'G6', 'MABDC', '', '', 30, 0, 30, 'Open', '2fb5c50a-ade1-4196-896d-b1fdb921daad');
INSERT INTO public."Section" (id, "gradeLevel", "sectionName", adviser, room, capacity, enrolled, "availableSlots", status, "academicYearId") VALUES ('93bed7ce-7c8e-4f32-8371-b4f4fb5b3184', 'G7', 'SFXSAI', '', '', 30, 4, 26, 'Open', '2fb5c50a-ade1-4196-896d-b1fdb921daad');
INSERT INTO public."Section" (id, "gradeLevel", "sectionName", adviser, room, capacity, enrolled, "availableSlots", status, "academicYearId") VALUES ('6b414237-488b-48ad-950c-f4aece35de9d', 'G7', 'MABDC', '', '', 30, 0, 30, 'Open', '2fb5c50a-ade1-4196-896d-b1fdb921daad');
INSERT INTO public."Section" (id, "gradeLevel", "sectionName", adviser, room, capacity, enrolled, "availableSlots", status, "academicYearId") VALUES ('72de709f-eafe-4529-bd3f-7c406aedeea7', 'G8', 'SFXSAI', '', '', 30, 1, 29, 'Open', '2fb5c50a-ade1-4196-896d-b1fdb921daad');
INSERT INTO public."Section" (id, "gradeLevel", "sectionName", adviser, room, capacity, enrolled, "availableSlots", status, "academicYearId") VALUES ('fe30f535-a65e-4f24-bab1-913bcd786503', 'G8', 'MABDC', '', '', 30, 0, 30, 'Open', '2fb5c50a-ade1-4196-896d-b1fdb921daad');
INSERT INTO public."Section" (id, "gradeLevel", "sectionName", adviser, room, capacity, enrolled, "availableSlots", status, "academicYearId") VALUES ('840447b9-e011-4532-bf9a-da342e8b5a85', 'G9', 'SFXSAI', '', '', 30, 2, 28, 'Open', '2fb5c50a-ade1-4196-896d-b1fdb921daad');
INSERT INTO public."Section" (id, "gradeLevel", "sectionName", adviser, room, capacity, enrolled, "availableSlots", status, "academicYearId") VALUES ('6325515a-6181-4c6e-b4d6-db5c6c0e20a0', 'G9', 'MABDC', '', '', 30, 0, 30, 'Open', '2fb5c50a-ade1-4196-896d-b1fdb921daad');
INSERT INTO public."Section" (id, "gradeLevel", "sectionName", adviser, room, capacity, enrolled, "availableSlots", status, "academicYearId") VALUES ('1b9419ca-247d-4e1c-b4f5-ad3e94541787', 'G10', 'SFXSAI', '', '', 30, 1, 29, 'Open', '2fb5c50a-ade1-4196-896d-b1fdb921daad');
INSERT INTO public."Section" (id, "gradeLevel", "sectionName", adviser, room, capacity, enrolled, "availableSlots", status, "academicYearId") VALUES ('25248e62-698c-4a7b-81cb-1dd21cba03df', 'G10', 'MABDC', '', '', 30, 0, 30, 'Open', '2fb5c50a-ade1-4196-896d-b1fdb921daad');
INSERT INTO public."Section" (id, "gradeLevel", "sectionName", adviser, room, capacity, enrolled, "availableSlots", status, "academicYearId") VALUES ('5c0e9662-88bc-4511-b683-7c06cc78c78d', 'G11', 'SFXSAI', '', '', 30, 0, 30, 'Open', '2fb5c50a-ade1-4196-896d-b1fdb921daad');
INSERT INTO public."Section" (id, "gradeLevel", "sectionName", adviser, room, capacity, enrolled, "availableSlots", status, "academicYearId") VALUES ('11a63e97-21a6-4ce7-8027-8ddf105eadff', 'G11', 'MABDC', '', '', 30, 0, 30, 'Open', '2fb5c50a-ade1-4196-896d-b1fdb921daad');
INSERT INTO public."Section" (id, "gradeLevel", "sectionName", adviser, room, capacity, enrolled, "availableSlots", status, "academicYearId") VALUES ('92ca9f2a-7efb-4c43-9067-61aadb546920', 'G12', 'SFXSAI', '', '', 30, 0, 30, 'Open', '2fb5c50a-ade1-4196-896d-b1fdb921daad');
INSERT INTO public."Section" (id, "gradeLevel", "sectionName", adviser, room, capacity, enrolled, "availableSlots", status, "academicYearId") VALUES ('2a996a62-239c-4b6e-9f23-d812eb493fdb', 'G12', 'MABDC', '', '', 30, 0, 30, 'Open', '2fb5c50a-ade1-4196-896d-b1fdb921daad');
INSERT INTO public."Section" (id, "gradeLevel", "sectionName", adviser, room, capacity, enrolled, "availableSlots", status, "academicYearId") VALUES ('492c8a38-3cc1-4a99-b96e-e3f386bd8063', 'Grade 10', 'Grade 10 - Rizal', NULL, NULL, 40, 38, 2, 'Active', NULL);
INSERT INTO public."Section" (id, "gradeLevel", "sectionName", adviser, room, capacity, enrolled, "availableSlots", status, "academicYearId") VALUES ('46ad00ea-cfd3-477c-9b8c-021854fd305c', 'Grade 10', 'Grade 10 - Mabini', NULL, NULL, 40, 40, 0, 'Active', NULL);
INSERT INTO public."Section" (id, "gradeLevel", "sectionName", adviser, room, capacity, enrolled, "availableSlots", status, "academicYearId") VALUES ('55ea27cf-c205-4316-a35e-5cd16657ae91', 'Grade 9', 'Grade 9 - Bonifacio', NULL, NULL, 35, 30, 5, 'Active', NULL);
INSERT INTO public."Section" (id, "gradeLevel", "sectionName", adviser, room, capacity, enrolled, "availableSlots", status, "academicYearId") VALUES ('410f3ea8-0ab6-4985-9021-9c3b82872082', 'Grade 8', 'Grade 8 - Luna', NULL, NULL, 45, 22, 23, 'Active', NULL);
INSERT INTO public."Section" (id, "gradeLevel", "sectionName", adviser, room, capacity, enrolled, "availableSlots", status, "academicYearId") VALUES ('3e5b95e2-ff4d-46b6-ad06-848d03bde85c', 'Grade 7', 'Grade 7 - Aguinaldo', NULL, NULL, 50, 12, 38, 'Active', NULL);


--
-- Data for Name: StoredFile; Type: TABLE DATA; Schema: public; Owner: -
--

INSERT INTO public."StoredFile" (id, "ownerType", "ownerId", category, "originalName", "storedName", "mimeType", size, "relativePath", "publicUrl", "uploadedById", "uploadedAt") VALUES ('141cd8ba-2746-4813-a4ec-6af0a51d98e6', 'staff', '2f41ffce-d3a2-43b9-af24-4c9c8d63bd8f', 'avatar', 'dllhost_OVsF6BTPLd.png', '141cd8ba-2746-4813-a4ec-6af0a51d98e6-dllhost-ovsf6btpld.png', 'image/png', 119656, 'staff/2f41ffce-d3a2-43b9-af24-4c9c8d63bd8f/avatar/141cd8ba-2746-4813-a4ec-6af0a51d98e6-dllhost-ovsf6btpld.png', 'http://localhost:3000/storage/staff/2f41ffce-d3a2-43b9-af24-4c9c8d63bd8f/avatar/141cd8ba-2746-4813-a4ec-6af0a51d98e6-dllhost-ovsf6btpld.png', '2f41ffce-d3a2-43b9-af24-4c9c8d63bd8f', '2026-06-13 21:40:54.345');
INSERT INTO public."StoredFile" (id, "ownerType", "ownerId", category, "originalName", "storedName", "mimeType", size, "relativePath", "publicUrl", "uploadedById", "uploadedAt") VALUES ('a3fe568b-90cb-4e65-93d7-388df84e93c7', 'staff', '2f41ffce-d3a2-43b9-af24-4c9c8d63bd8f', 'avatar', 'ChatGPT Image Jun 8, 2026, 12_59_34 AM.png', 'a3fe568b-90cb-4e65-93d7-388df84e93c7-chatgpt-image-jun-8-2026-12-59-34-am.png', 'image/png', 1644530, 'staff/2f41ffce-d3a2-43b9-af24-4c9c8d63bd8f/avatar/a3fe568b-90cb-4e65-93d7-388df84e93c7-chatgpt-image-jun-8-2026-12-59-34-am.png', 'http://no6lru25xpjojoyaun773wu5.167.233.69.52.sslip.io/storage/staff/2f41ffce-d3a2-43b9-af24-4c9c8d63bd8f/avatar/a3fe568b-90cb-4e65-93d7-388df84e93c7-chatgpt-image-jun-8-2026-12-59-34-am.png', '2f41ffce-d3a2-43b9-af24-4c9c8d63bd8f', '2026-06-13 23:09:40.906');
INSERT INTO public."StoredFile" (id, "ownerType", "ownerId", category, "originalName", "storedName", "mimeType", size, "relativePath", "publicUrl", "uploadedById", "uploadedAt") VALUES ('922cde0c-d747-4742-8d3b-6bb563fc3fec', 'staff', '24b38f39-b25d-4db4-b6ba-f709bdddd3f9', 'avatar', 'ChatGPT Image Jun 8, 2026, 12_59_34 AM.png', '922cde0c-d747-4742-8d3b-6bb563fc3fec-chatgpt-image-jun-8-2026-12-59-34-am.png', 'image/png', 1644530, 'staff/24b38f39-b25d-4db4-b6ba-f709bdddd3f9/avatar/922cde0c-d747-4742-8d3b-6bb563fc3fec-chatgpt-image-jun-8-2026-12-59-34-am.png', 'http://no6lru25xpjojoyaun773wu5.167.233.69.52.sslip.io/storage/staff/24b38f39-b25d-4db4-b6ba-f709bdddd3f9/avatar/922cde0c-d747-4742-8d3b-6bb563fc3fec-chatgpt-image-jun-8-2026-12-59-34-am.png', '24b38f39-b25d-4db4-b6ba-f709bdddd3f9', '2026-06-15 11:25:17.594');
INSERT INTO public."StoredFile" (id, "ownerType", "ownerId", category, "originalName", "storedName", "mimeType", size, "relativePath", "publicUrl", "uploadedById", "uploadedAt") VALUES ('f6a5f1b8-65d9-4311-96e0-d5afc833beea', 'staff', '2f41ffce-d3a2-43b9-af24-4c9c8d63bd8f', 'avatar', 'dllhost_OVsF6BTPLd.png', 'f6a5f1b8-65d9-4311-96e0-d5afc833beea-dllhost-ovsf6btpld.png', 'image/png', 119656, 'staff/2f41ffce-d3a2-43b9-af24-4c9c8d63bd8f/avatar/f6a5f1b8-65d9-4311-96e0-d5afc833beea-dllhost-ovsf6btpld.png', 'http://stfrancis.mabdc.com/storage/staff/2f41ffce-d3a2-43b9-af24-4c9c8d63bd8f/avatar/f6a5f1b8-65d9-4311-96e0-d5afc833beea-dllhost-ovsf6btpld.png', '2f41ffce-d3a2-43b9-af24-4c9c8d63bd8f', '2026-06-15 17:09:44.134');


--
-- Data for Name: StudentAssessmentLineItem; Type: TABLE DATA; Schema: public; Owner: -
--

INSERT INTO public."StudentAssessmentLineItem" (id, "studentAssessmentId", "feeTypeId", description, amount, "sourceFeeTemplateLineItemId") VALUES ('a9d7e8de-b146-4774-bd93-4fa79ece246f', '7998ba16-40a5-4985-8b9f-0b9d013ef7e4', 'df809bea-5fe6-4cc0-9728-e54701959688', 'Tuition', 13500, '006c50e3-5c2c-4bba-98f1-a5737d3723d7');
INSERT INTO public."StudentAssessmentLineItem" (id, "studentAssessmentId", "feeTypeId", description, amount, "sourceFeeTemplateLineItemId") VALUES ('387874a5-f657-420a-a6d9-3b81dcbdd4c6', 'ca1d8352-5d33-429c-8346-af7fc7306e5f', 'df809bea-5fe6-4cc0-9728-e54701959688', 'Grade 1 Whole Year ', 7000, 'cacc9923-8208-430e-8221-11871c914bf0');
INSERT INTO public."StudentAssessmentLineItem" (id, "studentAssessmentId", "feeTypeId", description, amount, "sourceFeeTemplateLineItemId") VALUES ('a6ffce3e-d68f-4ab8-a394-54f7f626b73c', '94b00082-23ad-4e74-bd6b-685e336b273b', 'df809bea-5fe6-4cc0-9728-e54701959688', 'Tuition', 12500, '018b5785-ac58-40b4-8dde-5d8448e66aa5');


--
-- Data for Name: StudentCoreValues; Type: TABLE DATA; Schema: public; Owner: -
--

INSERT INTO public."StudentCoreValues" (id, "studentId", "schoolYear", quarter, "makaDiyos", makatao, makakalikasan, makabansa, "createdAt", "updatedAt") VALUES ('597ae056-a9c6-4702-b295-b832d98fcb32', '023ff5e7-2b31-4267-8e83-d35ebe7d7da2', '2025-2026', 'Q1', 'SO', 'AO', 'AO', 'SO', '2026-06-16 18:11:17.842', '2026-06-16 18:11:17.842');
INSERT INTO public."StudentCoreValues" (id, "studentId", "schoolYear", quarter, "makaDiyos", makatao, makakalikasan, makabansa, "createdAt", "updatedAt") VALUES ('9baaf99a-16b9-4e7a-8144-a4dbb808c1f2', '023ff5e7-2b31-4267-8e83-d35ebe7d7da2', '2025-2026', 'Q2', 'SO', 'AO', 'SO', 'SO', '2026-06-16 18:11:18.582', '2026-06-16 18:11:18.582');
INSERT INTO public."StudentCoreValues" (id, "studentId", "schoolYear", quarter, "makaDiyos", makatao, makakalikasan, makabansa, "createdAt", "updatedAt") VALUES ('5f1f3db6-b8bd-4a4f-857c-7cdef84e3bfe', '023ff5e7-2b31-4267-8e83-d35ebe7d7da2', '2025-2026', 'Q3', 'SO', 'AO', 'RO', 'AO', '2026-06-16 18:11:19.039', '2026-06-16 18:11:19.039');
INSERT INTO public."StudentCoreValues" (id, "studentId", "schoolYear", quarter, "makaDiyos", makatao, makakalikasan, makabansa, "createdAt", "updatedAt") VALUES ('4ff6e325-8155-4c54-bc52-cae4b884aba0', '023ff5e7-2b31-4267-8e83-d35ebe7d7da2', '2025-2026', 'Q4', 'SO', 'SO', 'AO', 'SO', '2026-06-16 18:11:19.497', '2026-06-16 18:11:19.497');
INSERT INTO public."StudentCoreValues" (id, "studentId", "schoolYear", quarter, "makaDiyos", makatao, makakalikasan, makabansa, "createdAt", "updatedAt") VALUES ('8d9ced33-1f73-4c9a-98bf-fba082b30788', '051753f8-4461-4e85-b321-2815998f50d4', '2025-2026', 'Q1', 'AO', 'SO', 'AO', 'AO', '2026-06-16 18:11:21.152', '2026-06-16 18:11:21.152');
INSERT INTO public."StudentCoreValues" (id, "studentId", "schoolYear", quarter, "makaDiyos", makatao, makakalikasan, makabansa, "createdAt", "updatedAt") VALUES ('b7ad1d6b-b232-485a-a7bc-e405cc141f5b', '051753f8-4461-4e85-b321-2815998f50d4', '2025-2026', 'Q2', 'AO', 'SO', 'AO', 'AO', '2026-06-16 18:11:21.611', '2026-06-16 18:11:21.611');
INSERT INTO public."StudentCoreValues" (id, "studentId", "schoolYear", quarter, "makaDiyos", makatao, makakalikasan, makabansa, "createdAt", "updatedAt") VALUES ('ae33a234-9d60-4cb1-b143-583867acd99c', '051753f8-4461-4e85-b321-2815998f50d4', '2025-2026', 'Q3', 'AO', 'AO', 'RO', 'SO', '2026-06-16 18:11:22.071', '2026-06-16 18:11:22.071');
INSERT INTO public."StudentCoreValues" (id, "studentId", "schoolYear", quarter, "makaDiyos", makatao, makakalikasan, makabansa, "createdAt", "updatedAt") VALUES ('7152b448-ebff-4eb2-808f-f3e06e745db1', '051753f8-4461-4e85-b321-2815998f50d4', '2025-2026', 'Q4', 'SO', 'SO', 'SO', 'AO', '2026-06-16 18:11:22.528', '2026-06-16 18:11:22.528');
INSERT INTO public."StudentCoreValues" (id, "studentId", "schoolYear", quarter, "makaDiyos", makatao, makakalikasan, makabansa, "createdAt", "updatedAt") VALUES ('32ccd7d0-5278-4bf3-9947-665268543ccc', '063deb32-8b89-4e0e-acf4-b62d4881c276', '2025-2026', 'Q1', 'AO', 'SO', 'AO', 'SO', '2026-06-16 18:11:23.903', '2026-06-16 18:11:23.903');
INSERT INTO public."StudentCoreValues" (id, "studentId", "schoolYear", quarter, "makaDiyos", makatao, makakalikasan, makabansa, "createdAt", "updatedAt") VALUES ('bf2273f0-79ac-4bd4-a1b2-9df6f844ed53', '063deb32-8b89-4e0e-acf4-b62d4881c276', '2025-2026', 'Q2', 'SO', 'SO', 'SO', 'AO', '2026-06-16 18:11:24.361', '2026-06-16 18:11:24.361');
INSERT INTO public."StudentCoreValues" (id, "studentId", "schoolYear", quarter, "makaDiyos", makatao, makakalikasan, makabansa, "createdAt", "updatedAt") VALUES ('a01d130d-f8bf-4cb1-ae83-026cc27bbfd4', '063deb32-8b89-4e0e-acf4-b62d4881c276', '2025-2026', 'Q3', 'AO', 'AO', 'SO', 'AO', '2026-06-16 18:11:24.819', '2026-06-16 18:11:24.819');
INSERT INTO public."StudentCoreValues" (id, "studentId", "schoolYear", quarter, "makaDiyos", makatao, makakalikasan, makabansa, "createdAt", "updatedAt") VALUES ('7283ec0c-1a40-45c9-9576-b5cca62c1e0a', '063deb32-8b89-4e0e-acf4-b62d4881c276', '2025-2026', 'Q4', 'AO', 'AO', 'RO', 'AO', '2026-06-16 18:11:25.278', '2026-06-16 18:11:25.278');
INSERT INTO public."StudentCoreValues" (id, "studentId", "schoolYear", quarter, "makaDiyos", makatao, makakalikasan, makabansa, "createdAt", "updatedAt") VALUES ('57e3d78c-34dd-4f0d-bcce-e684cd1d15e4', '06df41b9-a854-4523-92ad-e13d6bc02dcf', '2025-2026', 'Q1', 'AO', 'SO', 'SO', 'AO', '2026-06-16 18:11:27.398', '2026-06-16 18:11:27.398');
INSERT INTO public."StudentCoreValues" (id, "studentId", "schoolYear", quarter, "makaDiyos", makatao, makakalikasan, makabansa, "createdAt", "updatedAt") VALUES ('3a451b19-c669-4540-8ed7-f0248d666536', '06df41b9-a854-4523-92ad-e13d6bc02dcf', '2025-2026', 'Q2', 'SO', 'AO', 'RO', 'SO', '2026-06-16 18:11:27.855', '2026-06-16 18:11:27.855');
INSERT INTO public."StudentCoreValues" (id, "studentId", "schoolYear", quarter, "makaDiyos", makatao, makakalikasan, makabansa, "createdAt", "updatedAt") VALUES ('9a71ab97-f331-4bdc-98fd-21cff5bdb8c6', '06df41b9-a854-4523-92ad-e13d6bc02dcf', '2025-2026', 'Q3', 'AO', 'SO', 'AO', 'SO', '2026-06-16 18:11:28.314', '2026-06-16 18:11:28.314');
INSERT INTO public."StudentCoreValues" (id, "studentId", "schoolYear", quarter, "makaDiyos", makatao, makakalikasan, makabansa, "createdAt", "updatedAt") VALUES ('bc0afec7-e3f8-4839-b4ff-05c37377103f', '06df41b9-a854-4523-92ad-e13d6bc02dcf', '2025-2026', 'Q4', 'SO', 'AO', 'RO', 'SO', '2026-06-16 18:11:28.771', '2026-06-16 18:11:28.771');
INSERT INTO public."StudentCoreValues" (id, "studentId", "schoolYear", quarter, "makaDiyos", makatao, makakalikasan, makabansa, "createdAt", "updatedAt") VALUES ('eb6eac29-1fea-4291-9d81-45fddbb1a056', '07f2d9c3-787d-4543-93f5-a34db20ee7af', '2025-2026', 'Q1', 'AO', 'AO', 'SO', 'SO', '2026-06-16 18:11:30.331', '2026-06-16 18:11:30.331');
INSERT INTO public."StudentCoreValues" (id, "studentId", "schoolYear", quarter, "makaDiyos", makatao, makakalikasan, makabansa, "createdAt", "updatedAt") VALUES ('58ec510e-caf9-4cb6-ae35-fb9b1fc5ef17', '07f2d9c3-787d-4543-93f5-a34db20ee7af', '2025-2026', 'Q2', 'SO', 'SO', 'AO', 'AO', '2026-06-16 18:11:30.788', '2026-06-16 18:11:30.788');
INSERT INTO public."StudentCoreValues" (id, "studentId", "schoolYear", quarter, "makaDiyos", makatao, makakalikasan, makabansa, "createdAt", "updatedAt") VALUES ('26402935-dea2-4628-ae33-6e7170cd54a7', '07f2d9c3-787d-4543-93f5-a34db20ee7af', '2025-2026', 'Q3', 'AO', 'SO', 'AO', 'AO', '2026-06-16 18:11:31.247', '2026-06-16 18:11:31.247');
INSERT INTO public."StudentCoreValues" (id, "studentId", "schoolYear", quarter, "makaDiyos", makatao, makakalikasan, makabansa, "createdAt", "updatedAt") VALUES ('ce7a723b-8737-4189-9630-f6a7190ab0e8', '07f2d9c3-787d-4543-93f5-a34db20ee7af', '2025-2026', 'Q4', 'SO', 'SO', 'RO', 'SO', '2026-06-16 18:11:31.704', '2026-06-16 18:11:31.704');
INSERT INTO public."StudentCoreValues" (id, "studentId", "schoolYear", quarter, "makaDiyos", makatao, makakalikasan, makabansa, "createdAt", "updatedAt") VALUES ('ac3926a7-a1a7-4afb-a510-56c0244de89e', '09183c6d-69de-4443-9495-ab32d0007c81', '2025-2026', 'Q1', 'AO', 'SO', 'SO', 'SO', '2026-06-16 18:11:33.909', '2026-06-16 18:11:33.909');
INSERT INTO public."StudentCoreValues" (id, "studentId", "schoolYear", quarter, "makaDiyos", makatao, makakalikasan, makabansa, "createdAt", "updatedAt") VALUES ('50da8ec7-1164-4b13-88bb-fd33fdb25c7e', '09183c6d-69de-4443-9495-ab32d0007c81', '2025-2026', 'Q2', 'SO', 'SO', 'RO', 'AO', '2026-06-16 18:11:34.368', '2026-06-16 18:11:34.368');
INSERT INTO public."StudentCoreValues" (id, "studentId", "schoolYear", quarter, "makaDiyos", makatao, makakalikasan, makabansa, "createdAt", "updatedAt") VALUES ('047ed3de-8005-4f69-8071-5d5552644290', '09183c6d-69de-4443-9495-ab32d0007c81', '2025-2026', 'Q3', 'SO', 'SO', 'RO', 'SO', '2026-06-16 18:11:34.827', '2026-06-16 18:11:34.827');
INSERT INTO public."StudentCoreValues" (id, "studentId", "schoolYear", quarter, "makaDiyos", makatao, makakalikasan, makabansa, "createdAt", "updatedAt") VALUES ('d13c7d03-f180-4610-9a6f-a35a05d22cf1', '09183c6d-69de-4443-9495-ab32d0007c81', '2025-2026', 'Q4', 'SO', 'AO', 'AO', 'AO', '2026-06-16 18:11:35.284', '2026-06-16 18:11:35.284');
INSERT INTO public."StudentCoreValues" (id, "studentId", "schoolYear", quarter, "makaDiyos", makatao, makakalikasan, makabansa, "createdAt", "updatedAt") VALUES ('ce30c176-ff5b-470b-b934-89cbdecc7819', '0f277eff-430b-4e52-b142-37c5152ea931', '2025-2026', 'Q1', 'SO', 'SO', 'RO', 'SO', '2026-06-16 18:11:36.845', '2026-06-16 18:11:36.845');
INSERT INTO public."StudentCoreValues" (id, "studentId", "schoolYear", quarter, "makaDiyos", makatao, makakalikasan, makabansa, "createdAt", "updatedAt") VALUES ('852f20f4-ceec-4993-be6c-6783ba73d2fc', '0f277eff-430b-4e52-b142-37c5152ea931', '2025-2026', 'Q2', 'SO', 'SO', 'AO', 'AO', '2026-06-16 18:11:37.303', '2026-06-16 18:11:37.303');
INSERT INTO public."StudentCoreValues" (id, "studentId", "schoolYear", quarter, "makaDiyos", makatao, makakalikasan, makabansa, "createdAt", "updatedAt") VALUES ('aad0e357-c118-41dd-b18d-54fce45267f0', '0f277eff-430b-4e52-b142-37c5152ea931', '2025-2026', 'Q3', 'SO', 'SO', 'RO', 'SO', '2026-06-16 18:11:37.762', '2026-06-16 18:11:37.762');
INSERT INTO public."StudentCoreValues" (id, "studentId", "schoolYear", quarter, "makaDiyos", makatao, makakalikasan, makabansa, "createdAt", "updatedAt") VALUES ('ca3992e5-042b-4f98-b69f-d666280ab66d', '0f277eff-430b-4e52-b142-37c5152ea931', '2025-2026', 'Q4', 'SO', 'SO', 'SO', 'AO', '2026-06-16 18:11:38.219', '2026-06-16 18:11:38.219');
INSERT INTO public."StudentCoreValues" (id, "studentId", "schoolYear", quarter, "makaDiyos", makatao, makakalikasan, makabansa, "createdAt", "updatedAt") VALUES ('32eec9fb-ca0c-4db7-8bdf-a61afb46b625', '19bf6104-042a-467c-abd7-2154e731bc25', '2025-2026', 'Q1', 'SO', 'AO', 'AO', 'AO', '2026-06-16 18:11:40.523', '2026-06-16 18:11:40.523');
INSERT INTO public."StudentCoreValues" (id, "studentId", "schoolYear", quarter, "makaDiyos", makatao, makakalikasan, makabansa, "createdAt", "updatedAt") VALUES ('fd15e36a-56c3-4de7-9873-626e6c6ba144', '19bf6104-042a-467c-abd7-2154e731bc25', '2025-2026', 'Q2', 'SO', 'AO', 'RO', 'SO', '2026-06-16 18:11:40.981', '2026-06-16 18:11:40.981');
INSERT INTO public."StudentCoreValues" (id, "studentId", "schoolYear", quarter, "makaDiyos", makatao, makakalikasan, makabansa, "createdAt", "updatedAt") VALUES ('7539ae62-1718-4ecf-9c56-9cef34c4776b', '19bf6104-042a-467c-abd7-2154e731bc25', '2025-2026', 'Q3', 'SO', 'AO', 'RO', 'AO', '2026-06-16 18:11:41.44', '2026-06-16 18:11:41.44');
INSERT INTO public."StudentCoreValues" (id, "studentId", "schoolYear", quarter, "makaDiyos", makatao, makakalikasan, makabansa, "createdAt", "updatedAt") VALUES ('3108eb2f-4153-4221-ad57-4b949f3a1f4a', '19bf6104-042a-467c-abd7-2154e731bc25', '2025-2026', 'Q4', 'SO', 'SO', 'SO', 'AO', '2026-06-16 18:11:41.899', '2026-06-16 18:11:41.899');
INSERT INTO public."StudentCoreValues" (id, "studentId", "schoolYear", quarter, "makaDiyos", makatao, makakalikasan, makabansa, "createdAt", "updatedAt") VALUES ('300eb848-c0b2-4768-ae01-9df8476a3841', '1e57c8f8-bdf6-4a95-b5d4-cac5dabc5359', '2025-2026', 'Q1', 'SO', 'SO', 'SO', 'SO', '2026-06-16 18:11:43.644', '2026-06-16 18:11:43.644');
INSERT INTO public."StudentCoreValues" (id, "studentId", "schoolYear", quarter, "makaDiyos", makatao, makakalikasan, makabansa, "createdAt", "updatedAt") VALUES ('00c664b3-2f26-4dce-bcda-d4a7e5c774cb', '1e57c8f8-bdf6-4a95-b5d4-cac5dabc5359', '2025-2026', 'Q2', 'AO', 'AO', 'AO', 'SO', '2026-06-16 18:11:44.101', '2026-06-16 18:11:44.101');
INSERT INTO public."StudentCoreValues" (id, "studentId", "schoolYear", quarter, "makaDiyos", makatao, makakalikasan, makabansa, "createdAt", "updatedAt") VALUES ('fa08b493-e78d-4362-8f8c-e48a5f4698cc', '1e57c8f8-bdf6-4a95-b5d4-cac5dabc5359', '2025-2026', 'Q3', 'AO', 'AO', 'SO', 'SO', '2026-06-16 18:11:44.559', '2026-06-16 18:11:44.559');
INSERT INTO public."StudentCoreValues" (id, "studentId", "schoolYear", quarter, "makaDiyos", makatao, makakalikasan, makabansa, "createdAt", "updatedAt") VALUES ('d6f7d71b-76ae-4698-af8b-ce03cc48de87', '1e57c8f8-bdf6-4a95-b5d4-cac5dabc5359', '2025-2026', 'Q4', 'AO', 'SO', 'AO', 'AO', '2026-06-16 18:11:45.018', '2026-06-16 18:11:45.018');
INSERT INTO public."StudentCoreValues" (id, "studentId", "schoolYear", quarter, "makaDiyos", makatao, makakalikasan, makabansa, "createdAt", "updatedAt") VALUES ('4a697004-0854-4334-b85a-4b2df2bf0f8c', '2515fb64-2e29-4543-847e-9e1bc661d984', '2025-2026', 'Q1', 'AO', 'AO', 'SO', 'AO', '2026-06-16 18:11:46.578', '2026-06-16 18:11:46.578');
INSERT INTO public."StudentCoreValues" (id, "studentId", "schoolYear", quarter, "makaDiyos", makatao, makakalikasan, makabansa, "createdAt", "updatedAt") VALUES ('aebc1e83-3cf9-49c1-951d-3a20e1b41133', '2515fb64-2e29-4543-847e-9e1bc661d984', '2025-2026', 'Q2', 'AO', 'SO', 'AO', 'AO', '2026-06-16 18:11:47.037', '2026-06-16 18:11:47.037');
INSERT INTO public."StudentCoreValues" (id, "studentId", "schoolYear", quarter, "makaDiyos", makatao, makakalikasan, makabansa, "createdAt", "updatedAt") VALUES ('7b818232-b0f7-4c6b-b584-96d7de415164', '2515fb64-2e29-4543-847e-9e1bc661d984', '2025-2026', 'Q3', 'SO', 'AO', 'SO', 'SO', '2026-06-16 18:11:47.496', '2026-06-16 18:11:47.496');
INSERT INTO public."StudentCoreValues" (id, "studentId", "schoolYear", quarter, "makaDiyos", makatao, makakalikasan, makabansa, "createdAt", "updatedAt") VALUES ('fda75e45-74df-44a8-ae5c-9df86290c2f0', '2515fb64-2e29-4543-847e-9e1bc661d984', '2025-2026', 'Q4', 'AO', 'SO', 'AO', 'AO', '2026-06-16 18:11:47.954', '2026-06-16 18:11:47.954');
INSERT INTO public."StudentCoreValues" (id, "studentId", "schoolYear", quarter, "makaDiyos", makatao, makakalikasan, makabansa, "createdAt", "updatedAt") VALUES ('6419e2e8-7e6a-4664-88ee-4de5eaaa8266', '25c0319d-87d5-42b0-9a5d-93c4dea2e592', '2025-2026', 'Q1', 'AO', 'AO', 'RO', 'AO', '2026-06-16 18:11:49.794', '2026-06-16 18:11:49.794');
INSERT INTO public."StudentCoreValues" (id, "studentId", "schoolYear", quarter, "makaDiyos", makatao, makakalikasan, makabansa, "createdAt", "updatedAt") VALUES ('bdb4ba8e-ba52-4ee6-8fee-3b9d60db612e', '25c0319d-87d5-42b0-9a5d-93c4dea2e592', '2025-2026', 'Q2', 'SO', 'SO', 'AO', 'SO', '2026-06-16 18:11:50.25', '2026-06-16 18:11:50.25');
INSERT INTO public."StudentCoreValues" (id, "studentId", "schoolYear", quarter, "makaDiyos", makatao, makakalikasan, makabansa, "createdAt", "updatedAt") VALUES ('13f03d00-9171-47c7-ad67-e37a7962600a', '25c0319d-87d5-42b0-9a5d-93c4dea2e592', '2025-2026', 'Q3', 'SO', 'SO', 'SO', 'SO', '2026-06-16 18:11:50.708', '2026-06-16 18:11:50.708');
INSERT INTO public."StudentCoreValues" (id, "studentId", "schoolYear", quarter, "makaDiyos", makatao, makakalikasan, makabansa, "createdAt", "updatedAt") VALUES ('bce2f0cb-e8ed-469c-a379-82e22b62feb9', '25c0319d-87d5-42b0-9a5d-93c4dea2e592', '2025-2026', 'Q4', 'AO', 'SO', 'AO', 'SO', '2026-06-16 18:11:51.165', '2026-06-16 18:11:51.165');
INSERT INTO public."StudentCoreValues" (id, "studentId", "schoolYear", quarter, "makaDiyos", makatao, makakalikasan, makabansa, "createdAt", "updatedAt") VALUES ('6c6befe0-cbea-4d3d-999a-c54e305bbb74', '28cddf98-7675-475e-bd49-fc2395e6de7a', '2025-2026', 'Q1', 'AO', 'SO', 'RO', 'AO', '2026-06-16 18:11:53.097', '2026-06-16 18:11:53.097');
INSERT INTO public."StudentCoreValues" (id, "studentId", "schoolYear", quarter, "makaDiyos", makatao, makakalikasan, makabansa, "createdAt", "updatedAt") VALUES ('8b3ceddd-5a42-447d-a7d6-8ebd5b412ec3', '28cddf98-7675-475e-bd49-fc2395e6de7a', '2025-2026', 'Q2', 'AO', 'SO', 'SO', 'AO', '2026-06-16 18:11:53.556', '2026-06-16 18:11:53.556');
INSERT INTO public."StudentCoreValues" (id, "studentId", "schoolYear", quarter, "makaDiyos", makatao, makakalikasan, makabansa, "createdAt", "updatedAt") VALUES ('e7e8a48d-2995-44e2-b9d4-095a4d80a9cd', '28cddf98-7675-475e-bd49-fc2395e6de7a', '2025-2026', 'Q3', 'SO', 'SO', 'SO', 'AO', '2026-06-16 18:11:54.013', '2026-06-16 18:11:54.013');
INSERT INTO public."StudentCoreValues" (id, "studentId", "schoolYear", quarter, "makaDiyos", makatao, makakalikasan, makabansa, "createdAt", "updatedAt") VALUES ('e70379be-b509-417b-9591-7c2bbb817f26', '28cddf98-7675-475e-bd49-fc2395e6de7a', '2025-2026', 'Q4', 'AO', 'AO', 'RO', 'SO', '2026-06-16 18:11:54.469', '2026-06-16 18:11:54.469');
INSERT INTO public."StudentCoreValues" (id, "studentId", "schoolYear", quarter, "makaDiyos", makatao, makakalikasan, makabansa, "createdAt", "updatedAt") VALUES ('6f27957e-fd4e-4026-adad-59c867952247', '2f02c89b-faf0-4f0e-8b9e-a53d2a3e0577', '2025-2026', 'Q1', 'SO', 'AO', 'SO', 'SO', '2026-06-16 18:11:57.517', '2026-06-16 18:11:57.517');
INSERT INTO public."StudentCoreValues" (id, "studentId", "schoolYear", quarter, "makaDiyos", makatao, makakalikasan, makabansa, "createdAt", "updatedAt") VALUES ('2e9faaa6-baf5-4ac4-85c1-9df8dfd86f63', '2f02c89b-faf0-4f0e-8b9e-a53d2a3e0577', '2025-2026', 'Q2', 'AO', 'SO', 'SO', 'AO', '2026-06-16 18:11:57.976', '2026-06-16 18:11:57.976');
INSERT INTO public."StudentCoreValues" (id, "studentId", "schoolYear", quarter, "makaDiyos", makatao, makakalikasan, makabansa, "createdAt", "updatedAt") VALUES ('e6c8503c-fbdb-42b8-9dac-47687dc88f42', '2f02c89b-faf0-4f0e-8b9e-a53d2a3e0577', '2025-2026', 'Q3', 'AO', 'SO', 'AO', 'SO', '2026-06-16 18:11:58.434', '2026-06-16 18:11:58.434');
INSERT INTO public."StudentCoreValues" (id, "studentId", "schoolYear", quarter, "makaDiyos", makatao, makakalikasan, makabansa, "createdAt", "updatedAt") VALUES ('4e78e852-42b4-432a-acf5-cb5878242c1c', '2f02c89b-faf0-4f0e-8b9e-a53d2a3e0577', '2025-2026', 'Q4', 'AO', 'SO', 'RO', 'AO', '2026-06-16 18:11:58.892', '2026-06-16 18:11:58.892');
INSERT INTO public."StudentCoreValues" (id, "studentId", "schoolYear", quarter, "makaDiyos", makatao, makakalikasan, makabansa, "createdAt", "updatedAt") VALUES ('a99da096-007d-4a71-a18c-7688d6f529f6', '2fd8d88c-4826-484b-897e-999665fb9622', '2025-2026', 'Q1', 'AO', 'SO', 'SO', 'SO', '2026-06-16 18:12:00.262', '2026-06-16 18:12:00.262');
INSERT INTO public."StudentCoreValues" (id, "studentId", "schoolYear", quarter, "makaDiyos", makatao, makakalikasan, makabansa, "createdAt", "updatedAt") VALUES ('7df915bb-76f6-4b0c-bc57-df6415e702bc', '2fd8d88c-4826-484b-897e-999665fb9622', '2025-2026', 'Q2', 'SO', 'SO', 'SO', 'SO', '2026-06-16 18:12:00.72', '2026-06-16 18:12:00.72');
INSERT INTO public."StudentCoreValues" (id, "studentId", "schoolYear", quarter, "makaDiyos", makatao, makakalikasan, makabansa, "createdAt", "updatedAt") VALUES ('e4a77df1-fbff-4607-9589-c1dfab5df800', '2fd8d88c-4826-484b-897e-999665fb9622', '2025-2026', 'Q3', 'SO', 'AO', 'SO', 'AO', '2026-06-16 18:12:01.179', '2026-06-16 18:12:01.179');
INSERT INTO public."StudentCoreValues" (id, "studentId", "schoolYear", quarter, "makaDiyos", makatao, makakalikasan, makabansa, "createdAt", "updatedAt") VALUES ('6be64e37-8842-4f40-9ccd-8746a9b1c562', '2fd8d88c-4826-484b-897e-999665fb9622', '2025-2026', 'Q4', 'AO', 'AO', 'AO', 'AO', '2026-06-16 18:12:01.637', '2026-06-16 18:12:01.637');
INSERT INTO public."StudentCoreValues" (id, "studentId", "schoolYear", quarter, "makaDiyos", makatao, makakalikasan, makabansa, "createdAt", "updatedAt") VALUES ('7037e26b-b02f-4d26-b291-15fa889d51b7', '2fe41085-311d-4477-8ceb-76dc1dc1f423', '2025-2026', 'Q1', 'SO', 'SO', 'SO', 'SO', '2026-06-16 18:12:04.216', '2026-06-16 18:12:04.216');
INSERT INTO public."StudentCoreValues" (id, "studentId", "schoolYear", quarter, "makaDiyos", makatao, makakalikasan, makabansa, "createdAt", "updatedAt") VALUES ('cc19164e-9375-4243-ab7d-894220c39e30', '2fe41085-311d-4477-8ceb-76dc1dc1f423', '2025-2026', 'Q2', 'AO', 'AO', 'SO', 'SO', '2026-06-16 18:12:04.672', '2026-06-16 18:12:04.672');
INSERT INTO public."StudentCoreValues" (id, "studentId", "schoolYear", quarter, "makaDiyos", makatao, makakalikasan, makabansa, "createdAt", "updatedAt") VALUES ('65fcf192-4daa-4af1-b0c3-3f6463ff1710', '2fe41085-311d-4477-8ceb-76dc1dc1f423', '2025-2026', 'Q3', 'AO', 'SO', 'RO', 'SO', '2026-06-16 18:12:05.13', '2026-06-16 18:12:05.13');
INSERT INTO public."StudentCoreValues" (id, "studentId", "schoolYear", quarter, "makaDiyos", makatao, makakalikasan, makabansa, "createdAt", "updatedAt") VALUES ('0e2095d3-3db8-4f0f-a0e4-e5977594d06b', '2fe41085-311d-4477-8ceb-76dc1dc1f423', '2025-2026', 'Q4', 'SO', 'SO', 'RO', 'SO', '2026-06-16 18:12:05.588', '2026-06-16 18:12:05.588');
INSERT INTO public."StudentCoreValues" (id, "studentId", "schoolYear", quarter, "makaDiyos", makatao, makakalikasan, makabansa, "createdAt", "updatedAt") VALUES ('f3602492-7a7e-4e16-9b0e-4ceb2afe9170', '30f32460-8cb9-48ce-b707-4a12ce1c539c', '2025-2026', 'Q1', 'AO', 'AO', 'AO', 'AO', '2026-06-16 18:12:07.337', '2026-06-16 18:12:07.337');
INSERT INTO public."StudentCoreValues" (id, "studentId", "schoolYear", quarter, "makaDiyos", makatao, makakalikasan, makabansa, "createdAt", "updatedAt") VALUES ('8f1a3bbe-38a7-4733-8e2e-9232b538c01f', '30f32460-8cb9-48ce-b707-4a12ce1c539c', '2025-2026', 'Q2', 'SO', 'SO', 'SO', 'AO', '2026-06-16 18:12:07.795', '2026-06-16 18:12:07.795');
INSERT INTO public."StudentCoreValues" (id, "studentId", "schoolYear", quarter, "makaDiyos", makatao, makakalikasan, makabansa, "createdAt", "updatedAt") VALUES ('82a518a8-60f6-4046-a061-74c55c67e492', '30f32460-8cb9-48ce-b707-4a12ce1c539c', '2025-2026', 'Q3', 'SO', 'AO', 'RO', 'AO', '2026-06-16 18:12:08.253', '2026-06-16 18:12:08.253');
INSERT INTO public."StudentCoreValues" (id, "studentId", "schoolYear", quarter, "makaDiyos", makatao, makakalikasan, makabansa, "createdAt", "updatedAt") VALUES ('8db076c0-3374-4c6d-8b73-6a9a17dfe274', '30f32460-8cb9-48ce-b707-4a12ce1c539c', '2025-2026', 'Q4', 'AO', 'SO', 'AO', 'AO', '2026-06-16 18:12:08.711', '2026-06-16 18:12:08.711');
INSERT INTO public."StudentCoreValues" (id, "studentId", "schoolYear", quarter, "makaDiyos", makatao, makakalikasan, makabansa, "createdAt", "updatedAt") VALUES ('c82eecf1-7767-45b7-941c-5cb99c31e0d3', '3231e0b4-f34a-4c2a-9d22-7c11cc3e73e9', '2025-2026', 'Q1', 'SO', 'SO', 'RO', 'AO', '2026-06-16 18:12:11.756', '2026-06-16 18:12:11.756');
INSERT INTO public."StudentCoreValues" (id, "studentId", "schoolYear", quarter, "makaDiyos", makatao, makakalikasan, makabansa, "createdAt", "updatedAt") VALUES ('bd57f4ca-6cf2-4128-9d54-930e1becdb0b', '3231e0b4-f34a-4c2a-9d22-7c11cc3e73e9', '2025-2026', 'Q2', 'SO', 'SO', 'AO', 'AO', '2026-06-16 18:12:12.214', '2026-06-16 18:12:12.214');
INSERT INTO public."StudentCoreValues" (id, "studentId", "schoolYear", quarter, "makaDiyos", makatao, makakalikasan, makabansa, "createdAt", "updatedAt") VALUES ('af2eb635-644a-4ae9-a243-b0ac15a114d3', '3231e0b4-f34a-4c2a-9d22-7c11cc3e73e9', '2025-2026', 'Q3', 'SO', 'AO', 'SO', 'SO', '2026-06-16 18:12:12.671', '2026-06-16 18:12:12.671');
INSERT INTO public."StudentCoreValues" (id, "studentId", "schoolYear", quarter, "makaDiyos", makatao, makakalikasan, makabansa, "createdAt", "updatedAt") VALUES ('3775fbff-1212-4b8f-8ad4-9f9b0a794147', '3231e0b4-f34a-4c2a-9d22-7c11cc3e73e9', '2025-2026', 'Q4', 'SO', 'AO', 'SO', 'AO', '2026-06-16 18:12:13.13', '2026-06-16 18:12:13.13');
INSERT INTO public."StudentCoreValues" (id, "studentId", "schoolYear", quarter, "makaDiyos", makatao, makakalikasan, makabansa, "createdAt", "updatedAt") VALUES ('2841218d-5881-44fa-aac5-0b183408b302', '3594934b-a63b-4122-bec7-ed8896ae774e', '2025-2026', 'Q1', 'SO', 'SO', 'AO', 'SO', '2026-06-16 18:12:14.69', '2026-06-16 18:12:14.69');
INSERT INTO public."StudentCoreValues" (id, "studentId", "schoolYear", quarter, "makaDiyos", makatao, makakalikasan, makabansa, "createdAt", "updatedAt") VALUES ('a51790db-a8f3-4d5c-b190-d9e7357697d9', '3594934b-a63b-4122-bec7-ed8896ae774e', '2025-2026', 'Q2', 'AO', 'SO', 'RO', 'AO', '2026-06-16 18:12:15.148', '2026-06-16 18:12:15.148');
INSERT INTO public."StudentCoreValues" (id, "studentId", "schoolYear", quarter, "makaDiyos", makatao, makakalikasan, makabansa, "createdAt", "updatedAt") VALUES ('da79c6c2-463a-46ef-8d10-13a68e7c0eae', '3594934b-a63b-4122-bec7-ed8896ae774e', '2025-2026', 'Q3', 'AO', 'SO', 'RO', 'SO', '2026-06-16 18:12:15.606', '2026-06-16 18:12:15.606');
INSERT INTO public."StudentCoreValues" (id, "studentId", "schoolYear", quarter, "makaDiyos", makatao, makakalikasan, makabansa, "createdAt", "updatedAt") VALUES ('af81116a-f6e0-4f3c-b7a4-aaa47b5f34e8', '3594934b-a63b-4122-bec7-ed8896ae774e', '2025-2026', 'Q4', 'AO', 'SO', 'SO', 'SO', '2026-06-16 18:12:16.064', '2026-06-16 18:12:16.064');
INSERT INTO public."StudentCoreValues" (id, "studentId", "schoolYear", quarter, "makaDiyos", makatao, makakalikasan, makabansa, "createdAt", "updatedAt") VALUES ('987cb11d-245d-41bd-95ad-ce04aae2a640', '3cb727fa-d0f2-4c65-83db-1451a293087b', '2025-2026', 'Q1', 'AO', 'SO', 'SO', 'AO', '2026-06-16 18:12:19.019', '2026-06-16 18:12:19.019');
INSERT INTO public."StudentCoreValues" (id, "studentId", "schoolYear", quarter, "makaDiyos", makatao, makakalikasan, makabansa, "createdAt", "updatedAt") VALUES ('90d71be6-fde1-4d75-90bb-617d09d32490', '3cb727fa-d0f2-4c65-83db-1451a293087b', '2025-2026', 'Q2', 'AO', 'SO', 'SO', 'AO', '2026-06-16 18:12:19.477', '2026-06-16 18:12:19.477');
INSERT INTO public."StudentCoreValues" (id, "studentId", "schoolYear", quarter, "makaDiyos", makatao, makakalikasan, makabansa, "createdAt", "updatedAt") VALUES ('76f50409-fd12-4970-b9de-54f6b4f7bfbb', '3cb727fa-d0f2-4c65-83db-1451a293087b', '2025-2026', 'Q3', 'AO', 'SO', 'RO', 'AO', '2026-06-16 18:12:19.935', '2026-06-16 18:12:19.935');
INSERT INTO public."StudentCoreValues" (id, "studentId", "schoolYear", quarter, "makaDiyos", makatao, makakalikasan, makabansa, "createdAt", "updatedAt") VALUES ('7deffbae-bc95-450a-a75b-90395ccf7518', '3cb727fa-d0f2-4c65-83db-1451a293087b', '2025-2026', 'Q4', 'AO', 'AO', 'RO', 'SO', '2026-06-16 18:12:20.393', '2026-06-16 18:12:20.393');
INSERT INTO public."StudentCoreValues" (id, "studentId", "schoolYear", quarter, "makaDiyos", makatao, makakalikasan, makabansa, "createdAt", "updatedAt") VALUES ('337f037b-be9d-4b6b-bb13-111bfffbf527', '3d292f19-aeba-4eaf-8423-c7ec8b536f6f', '2025-2026', 'Q1', 'AO', 'SO', 'RO', 'SO', '2026-06-16 18:12:21.771', '2026-06-16 18:12:21.771');
INSERT INTO public."StudentCoreValues" (id, "studentId", "schoolYear", quarter, "makaDiyos", makatao, makakalikasan, makabansa, "createdAt", "updatedAt") VALUES ('4acddc54-690f-46e6-a30e-7d4f24414886', '3d292f19-aeba-4eaf-8423-c7ec8b536f6f', '2025-2026', 'Q2', 'AO', 'SO', 'SO', 'AO', '2026-06-16 18:12:22.231', '2026-06-16 18:12:22.231');
INSERT INTO public."StudentCoreValues" (id, "studentId", "schoolYear", quarter, "makaDiyos", makatao, makakalikasan, makabansa, "createdAt", "updatedAt") VALUES ('77f70367-960e-41e8-a804-c643c042da42', '3d292f19-aeba-4eaf-8423-c7ec8b536f6f', '2025-2026', 'Q3', 'SO', 'SO', 'SO', 'AO', '2026-06-16 18:12:22.69', '2026-06-16 18:12:22.69');
INSERT INTO public."StudentCoreValues" (id, "studentId", "schoolYear", quarter, "makaDiyos", makatao, makakalikasan, makabansa, "createdAt", "updatedAt") VALUES ('f47e8f9a-17c0-4f4c-9902-b890c6169401', '3d292f19-aeba-4eaf-8423-c7ec8b536f6f', '2025-2026', 'Q4', 'SO', 'AO', 'RO', 'AO', '2026-06-16 18:12:23.147', '2026-06-16 18:12:23.147');


--
-- Data for Name: StudentFee; Type: TABLE DATA; Schema: public; Owner: -
--



--
-- Data for Name: StudentHealthProfile; Type: TABLE DATA; Schema: public; Owner: -
--

INSERT INTO public."StudentHealthProfile" (id, "studentId", "schoolYear", "recordType", "heightMeters", "weightKg", bmi, "bmiCategory", "createdAt", "updatedAt") VALUES ('3291426a-ada4-4892-bfc0-47da226d0a04', '023ff5e7-2b31-4267-8e83-d35ebe7d7da2', '2025-2026', 'BoSY', 1.62, 70.8, 26.9, 'Overweight', '2026-06-16 18:11:19.957', '2026-06-16 18:11:19.957');
INSERT INTO public."StudentHealthProfile" (id, "studentId", "schoolYear", "recordType", "heightMeters", "weightKg", bmi, "bmiCategory", "createdAt", "updatedAt") VALUES ('6ccf60d2-db27-45c8-8450-682f60b4892b', '023ff5e7-2b31-4267-8e83-d35ebe7d7da2', '2025-2026', 'EoSY', 1.64, 47.3, 17.7, 'Wasted', '2026-06-16 18:11:20.693', '2026-06-16 18:11:20.693');
INSERT INTO public."StudentHealthProfile" (id, "studentId", "schoolYear", "recordType", "heightMeters", "weightKg", bmi, "bmiCategory", "createdAt", "updatedAt") VALUES ('3f3e5f1e-c1dc-4ca0-9f9e-59a894475509', '051753f8-4461-4e85-b321-2815998f50d4', '2025-2026', 'BoSY', 1.43, 43.3, 21.2, 'Normal', '2026-06-16 18:11:22.986', '2026-06-16 18:11:22.986');
INSERT INTO public."StudentHealthProfile" (id, "studentId", "schoolYear", "recordType", "heightMeters", "weightKg", bmi, "bmiCategory", "createdAt", "updatedAt") VALUES ('3365129f-7bbb-422a-b160-e821e771a47f', '051753f8-4461-4e85-b321-2815998f50d4', '2025-2026', 'EoSY', 1.55, 59.1, 24.6, 'Normal', '2026-06-16 18:11:23.445', '2026-06-16 18:11:23.445');
INSERT INTO public."StudentHealthProfile" (id, "studentId", "schoolYear", "recordType", "heightMeters", "weightKg", bmi, "bmiCategory", "createdAt", "updatedAt") VALUES ('c635f212-7180-4ee0-bef9-ec0ff5e4ca8b', '063deb32-8b89-4e0e-acf4-b62d4881c276', '2025-2026', 'BoSY', 1.49, 44.5, 19.9, 'Normal', '2026-06-16 18:11:25.737', '2026-06-16 18:11:25.737');
INSERT INTO public."StudentHealthProfile" (id, "studentId", "schoolYear", "recordType", "heightMeters", "weightKg", bmi, "bmiCategory", "createdAt", "updatedAt") VALUES ('6fe196e6-61e8-446d-a55e-a298ad6a2454', '063deb32-8b89-4e0e-acf4-b62d4881c276', '2025-2026', 'EoSY', 1.45, 53.3, 25.3, 'Overweight', '2026-06-16 18:11:26.195', '2026-06-16 18:11:26.195');
INSERT INTO public."StudentHealthProfile" (id, "studentId", "schoolYear", "recordType", "heightMeters", "weightKg", bmi, "bmiCategory", "createdAt", "updatedAt") VALUES ('da671642-e25c-4278-b049-20a9769b3bf1', '06df41b9-a854-4523-92ad-e13d6bc02dcf', '2025-2026', 'BoSY', 1.76, 74.9, 24.3, 'Normal', '2026-06-16 18:11:29.23', '2026-06-16 18:11:29.23');
INSERT INTO public."StudentHealthProfile" (id, "studentId", "schoolYear", "recordType", "heightMeters", "weightKg", bmi, "bmiCategory", "createdAt", "updatedAt") VALUES ('af621aa1-20d4-4dc5-a77b-51b4b02ec4c0', '06df41b9-a854-4523-92ad-e13d6bc02dcf', '2025-2026', 'EoSY', 1.6, 61.5, 24.1, 'Normal', '2026-06-16 18:11:29.688', '2026-06-16 18:11:29.688');
INSERT INTO public."StudentHealthProfile" (id, "studentId", "schoolYear", "recordType", "heightMeters", "weightKg", bmi, "bmiCategory", "createdAt", "updatedAt") VALUES ('2756a62f-a467-4e5c-8824-10668d35c57c', '07f2d9c3-787d-4543-93f5-a34db20ee7af', '2025-2026', 'BoSY', 1.58, 63.7, 25.6, 'Overweight', '2026-06-16 18:11:32.161', '2026-06-16 18:11:32.161');
INSERT INTO public."StudentHealthProfile" (id, "studentId", "schoolYear", "recordType", "heightMeters", "weightKg", bmi, "bmiCategory", "createdAt", "updatedAt") VALUES ('fdbdad20-0c44-4bc9-97de-5148f25cc255', '07f2d9c3-787d-4543-93f5-a34db20ee7af', '2025-2026', 'EoSY', 1.72, 62.3, 21, 'Normal', '2026-06-16 18:11:32.619', '2026-06-16 18:11:32.619');
INSERT INTO public."StudentHealthProfile" (id, "studentId", "schoolYear", "recordType", "heightMeters", "weightKg", bmi, "bmiCategory", "createdAt", "updatedAt") VALUES ('a891e0dd-3763-4277-b2a4-bfc9ccf7cabf', '09183c6d-69de-4443-9495-ab32d0007c81', '2025-2026', 'BoSY', 1.58, 65.5, 26.3, 'Overweight', '2026-06-16 18:11:35.742', '2026-06-16 18:11:35.742');
INSERT INTO public."StudentHealthProfile" (id, "studentId", "schoolYear", "recordType", "heightMeters", "weightKg", bmi, "bmiCategory", "createdAt", "updatedAt") VALUES ('f586eec4-9a58-47e3-8b96-0bcc8f50ad4f', '09183c6d-69de-4443-9495-ab32d0007c81', '2025-2026', 'EoSY', 1.65, 49.1, 18, 'Wasted', '2026-06-16 18:11:36.201', '2026-06-16 18:11:36.201');
INSERT INTO public."StudentHealthProfile" (id, "studentId", "schoolYear", "recordType", "heightMeters", "weightKg", bmi, "bmiCategory", "createdAt", "updatedAt") VALUES ('8aac52db-6b75-44bb-b306-385da54654cf', '0f277eff-430b-4e52-b142-37c5152ea931', '2025-2026', 'BoSY', 1.8, 78.6, 24.3, 'Normal', '2026-06-16 18:11:38.677', '2026-06-16 18:11:38.677');
INSERT INTO public."StudentHealthProfile" (id, "studentId", "schoolYear", "recordType", "heightMeters", "weightKg", bmi, "bmiCategory", "createdAt", "updatedAt") VALUES ('a0c60aa6-589e-4d1c-891f-87d2cd21bb1f', '0f277eff-430b-4e52-b142-37c5152ea931', '2025-2026', 'EoSY', 1.42, 49.4, 24.3, 'Normal', '2026-06-16 18:11:39.136', '2026-06-16 18:11:39.136');
INSERT INTO public."StudentHealthProfile" (id, "studentId", "schoolYear", "recordType", "heightMeters", "weightKg", bmi, "bmiCategory", "createdAt", "updatedAt") VALUES ('c600b425-0d9c-45bd-b4bc-881ae14978a2', '19bf6104-042a-467c-abd7-2154e731bc25', '2025-2026', 'BoSY', 1.71, 75.9, 26, 'Overweight', '2026-06-16 18:11:42.357', '2026-06-16 18:11:42.357');
INSERT INTO public."StudentHealthProfile" (id, "studentId", "schoolYear", "recordType", "heightMeters", "weightKg", bmi, "bmiCategory", "createdAt", "updatedAt") VALUES ('87d0c143-8249-493f-8a63-f275f5f084ea', '19bf6104-042a-467c-abd7-2154e731bc25', '2025-2026', 'EoSY', 1.57, 49.7, 20.2, 'Normal', '2026-06-16 18:11:42.815', '2026-06-16 18:11:42.815');
INSERT INTO public."StudentHealthProfile" (id, "studentId", "schoolYear", "recordType", "heightMeters", "weightKg", bmi, "bmiCategory", "createdAt", "updatedAt") VALUES ('76ff40a2-149b-4db9-b39a-5183f536e024', '1e57c8f8-bdf6-4a95-b5d4-cac5dabc5359', '2025-2026', 'BoSY', 1.44, 72.9, 35.1, 'Obese', '2026-06-16 18:11:45.476', '2026-06-16 18:11:45.476');
INSERT INTO public."StudentHealthProfile" (id, "studentId", "schoolYear", "recordType", "heightMeters", "weightKg", bmi, "bmiCategory", "createdAt", "updatedAt") VALUES ('3b7ae414-323e-4e34-97b9-d8284b872cf7', '1e57c8f8-bdf6-4a95-b5d4-cac5dabc5359', '2025-2026', 'EoSY', 1.58, 51.9, 20.9, 'Normal', '2026-06-16 18:11:45.935', '2026-06-16 18:11:45.935');
INSERT INTO public."StudentHealthProfile" (id, "studentId", "schoolYear", "recordType", "heightMeters", "weightKg", bmi, "bmiCategory", "createdAt", "updatedAt") VALUES ('7f78d444-15af-4671-b652-5d07969be498', '2515fb64-2e29-4543-847e-9e1bc661d984', '2025-2026', 'BoSY', 1.66, 63.1, 22.8, 'Normal', '2026-06-16 18:11:48.418', '2026-06-16 18:11:48.418');
INSERT INTO public."StudentHealthProfile" (id, "studentId", "schoolYear", "recordType", "heightMeters", "weightKg", bmi, "bmiCategory", "createdAt", "updatedAt") VALUES ('42a89a58-0938-4961-a85e-1a57492c4ba3', '2515fb64-2e29-4543-847e-9e1bc661d984', '2025-2026', 'EoSY', 1.65, 48.8, 17.8, 'Wasted', '2026-06-16 18:11:48.967', '2026-06-16 18:11:48.967');
INSERT INTO public."StudentHealthProfile" (id, "studentId", "schoolYear", "recordType", "heightMeters", "weightKg", bmi, "bmiCategory", "createdAt", "updatedAt") VALUES ('4f02e675-7637-4b4f-b71a-6b102a1be3bb', '25c0319d-87d5-42b0-9a5d-93c4dea2e592', '2025-2026', 'BoSY', 1.77, 55.8, 17.8, 'Wasted', '2026-06-16 18:11:51.623', '2026-06-16 18:11:51.623');
INSERT INTO public."StudentHealthProfile" (id, "studentId", "schoolYear", "recordType", "heightMeters", "weightKg", bmi, "bmiCategory", "createdAt", "updatedAt") VALUES ('464d5a71-2f08-403d-8923-b479abe93a4d', '25c0319d-87d5-42b0-9a5d-93c4dea2e592', '2025-2026', 'EoSY', 1.45, 64.1, 30.5, 'Obese', '2026-06-16 18:11:52.081', '2026-06-16 18:11:52.081');
INSERT INTO public."StudentHealthProfile" (id, "studentId", "schoolYear", "recordType", "heightMeters", "weightKg", bmi, "bmiCategory", "createdAt", "updatedAt") VALUES ('66631329-f3df-4deb-9994-274967aa58da', '28cddf98-7675-475e-bd49-fc2395e6de7a', '2025-2026', 'BoSY', 1.64, 76.1, 28.3, 'Overweight', '2026-06-16 18:11:54.928', '2026-06-16 18:11:54.928');
INSERT INTO public."StudentHealthProfile" (id, "studentId", "schoolYear", "recordType", "heightMeters", "weightKg", bmi, "bmiCategory", "createdAt", "updatedAt") VALUES ('2205f4b2-abc6-44d8-a1f9-059022a8ef5d', '28cddf98-7675-475e-bd49-fc2395e6de7a', '2025-2026', 'EoSY', 1.57, 40.1, 16.4, 'Wasted', '2026-06-16 18:11:55.386', '2026-06-16 18:11:55.386');
INSERT INTO public."StudentHealthProfile" (id, "studentId", "schoolYear", "recordType", "heightMeters", "weightKg", bmi, "bmiCategory", "createdAt", "updatedAt") VALUES ('a8c4e783-5735-42a0-84eb-367d5a512504', '2f02c89b-faf0-4f0e-8b9e-a53d2a3e0577', '2025-2026', 'BoSY', 1.55, 76.3, 31.6, 'Obese', '2026-06-16 18:11:59.349', '2026-06-16 18:11:59.349');
INSERT INTO public."StudentHealthProfile" (id, "studentId", "schoolYear", "recordType", "heightMeters", "weightKg", bmi, "bmiCategory", "createdAt", "updatedAt") VALUES ('f73cd77f-2aea-4080-94fc-96597fa38584', '2f02c89b-faf0-4f0e-8b9e-a53d2a3e0577', '2025-2026', 'EoSY', 1.6, 74.2, 28.9, 'Overweight', '2026-06-16 18:11:59.805', '2026-06-16 18:11:59.805');
INSERT INTO public."StudentHealthProfile" (id, "studentId", "schoolYear", "recordType", "heightMeters", "weightKg", bmi, "bmiCategory", "createdAt", "updatedAt") VALUES ('53f33444-282b-4cd0-a349-7ff73f44b499', '2fd8d88c-4826-484b-897e-999665fb9622', '2025-2026', 'BoSY', 1.69, 55, 19.3, 'Normal', '2026-06-16 18:12:02.095', '2026-06-16 18:12:02.095');
INSERT INTO public."StudentHealthProfile" (id, "studentId", "schoolYear", "recordType", "heightMeters", "weightKg", bmi, "bmiCategory", "createdAt", "updatedAt") VALUES ('0bd3aa49-cd4f-4a42-9b99-e296d8bf39b5', '2fd8d88c-4826-484b-897e-999665fb9622', '2025-2026', 'EoSY', 1.55, 67.4, 28, 'Overweight', '2026-06-16 18:12:02.553', '2026-06-16 18:12:02.553');
INSERT INTO public."StudentHealthProfile" (id, "studentId", "schoolYear", "recordType", "heightMeters", "weightKg", bmi, "bmiCategory", "createdAt", "updatedAt") VALUES ('8ff2a3b3-3ce5-426e-bc60-1e47ac6ca729', '2fe41085-311d-4477-8ceb-76dc1dc1f423', '2025-2026', 'BoSY', 1.76, 64.5, 20.9, 'Normal', '2026-06-16 18:12:06.045', '2026-06-16 18:12:06.045');
INSERT INTO public."StudentHealthProfile" (id, "studentId", "schoolYear", "recordType", "heightMeters", "weightKg", bmi, "bmiCategory", "createdAt", "updatedAt") VALUES ('39f7501f-b49d-42bd-b932-70dfc3d638ea', '2fe41085-311d-4477-8ceb-76dc1dc1f423', '2025-2026', 'EoSY', 1.76, 60.5, 19.6, 'Normal', '2026-06-16 18:12:06.507', '2026-06-16 18:12:06.507');
INSERT INTO public."StudentHealthProfile" (id, "studentId", "schoolYear", "recordType", "heightMeters", "weightKg", bmi, "bmiCategory", "createdAt", "updatedAt") VALUES ('444fbcce-f9bd-47e0-810f-3759df555306', '30f32460-8cb9-48ce-b707-4a12ce1c539c', '2025-2026', 'BoSY', 1.61, 56.6, 21.9, 'Normal', '2026-06-16 18:12:09.169', '2026-06-16 18:12:09.169');
INSERT INTO public."StudentHealthProfile" (id, "studentId", "schoolYear", "recordType", "heightMeters", "weightKg", bmi, "bmiCategory", "createdAt", "updatedAt") VALUES ('4a93da87-a230-4053-8fc6-61162ce29074', '30f32460-8cb9-48ce-b707-4a12ce1c539c', '2025-2026', 'EoSY', 1.54, 44, 18.5, 'Wasted', '2026-06-16 18:12:09.628', '2026-06-16 18:12:09.628');
INSERT INTO public."StudentHealthProfile" (id, "studentId", "schoolYear", "recordType", "heightMeters", "weightKg", bmi, "bmiCategory", "createdAt", "updatedAt") VALUES ('e4450a9d-9561-40ad-9b8e-87f48ab93ad9', '3231e0b4-f34a-4c2a-9d22-7c11cc3e73e9', '2025-2026', 'BoSY', 1.71, 42.2, 14.4, 'Severely Wasted', '2026-06-16 18:12:13.587', '2026-06-16 18:12:13.587');
INSERT INTO public."StudentHealthProfile" (id, "studentId", "schoolYear", "recordType", "heightMeters", "weightKg", bmi, "bmiCategory", "createdAt", "updatedAt") VALUES ('fad1a749-73fa-4092-a7c5-cff64ee6608c', '3231e0b4-f34a-4c2a-9d22-7c11cc3e73e9', '2025-2026', 'EoSY', 1.68, 40.6, 14.5, 'Severely Wasted', '2026-06-16 18:12:14.045', '2026-06-16 18:12:14.045');
INSERT INTO public."StudentHealthProfile" (id, "studentId", "schoolYear", "recordType", "heightMeters", "weightKg", bmi, "bmiCategory", "createdAt", "updatedAt") VALUES ('36fecfb9-8481-48b0-a31e-3188fbc305d4', '3594934b-a63b-4122-bec7-ed8896ae774e', '2025-2026', 'BoSY', 1.6, 62.7, 24.6, 'Normal', '2026-06-16 18:12:16.523', '2026-06-16 18:12:16.523');
INSERT INTO public."StudentHealthProfile" (id, "studentId", "schoolYear", "recordType", "heightMeters", "weightKg", bmi, "bmiCategory", "createdAt", "updatedAt") VALUES ('37305b09-6eed-42c7-9b69-683734fceb13', '3594934b-a63b-4122-bec7-ed8896ae774e', '2025-2026', 'EoSY', 1.78, 78.3, 24.8, 'Normal', '2026-06-16 18:12:16.981', '2026-06-16 18:12:16.981');
INSERT INTO public."StudentHealthProfile" (id, "studentId", "schoolYear", "recordType", "heightMeters", "weightKg", bmi, "bmiCategory", "createdAt", "updatedAt") VALUES ('6d7dcc12-cb23-4c52-b5e5-0f4f3d286af8', '3cb727fa-d0f2-4c65-83db-1451a293087b', '2025-2026', 'BoSY', 1.46, 72.5, 33.9, 'Obese', '2026-06-16 18:12:20.855', '2026-06-16 18:12:20.855');
INSERT INTO public."StudentHealthProfile" (id, "studentId", "schoolYear", "recordType", "heightMeters", "weightKg", bmi, "bmiCategory", "createdAt", "updatedAt") VALUES ('eff3d4aa-fc82-47e2-a96d-4ef0bc8ce292', '3cb727fa-d0f2-4c65-83db-1451a293087b', '2025-2026', 'EoSY', 1.42, 78.9, 39.3, 'Obese', '2026-06-16 18:12:21.313', '2026-06-16 18:12:21.313');
INSERT INTO public."StudentHealthProfile" (id, "studentId", "schoolYear", "recordType", "heightMeters", "weightKg", bmi, "bmiCategory", "createdAt", "updatedAt") VALUES ('a56c710b-02b5-4679-a0ec-3e3e07e2313c', '3d292f19-aeba-4eaf-8423-c7ec8b536f6f', '2025-2026', 'BoSY', 1.53, 50.4, 21.4, 'Normal', '2026-06-16 18:12:23.605', '2026-06-16 18:12:23.605');
INSERT INTO public."StudentHealthProfile" (id, "studentId", "schoolYear", "recordType", "heightMeters", "weightKg", bmi, "bmiCategory", "createdAt", "updatedAt") VALUES ('33ca1f79-19f5-4cae-bcde-b2f15df7b31d', '3d292f19-aeba-4eaf-8423-c7ec8b536f6f', '2025-2026', 'EoSY', 1.73, 75.6, 25.2, 'Overweight', '2026-06-16 18:12:24.063', '2026-06-16 18:12:24.063');


--
-- Data for Name: StudentSibling; Type: TABLE DATA; Schema: public; Owner: -
--



--
-- Data for Name: TeacherAnnouncement; Type: TABLE DATA; Schema: public; Owner: -
--



--
-- Data for Name: TeacherAttendanceRecord; Type: TABLE DATA; Schema: public; Owner: -
--

INSERT INTO public."TeacherAttendanceRecord" (id, "teacherUserId", "classId", "studentId", date, status, "createdAt", "updatedAt", reason) VALUES ('2de92be6-9582-4ce2-b46d-204aaa1c8e4b', '24b38f39-b25d-4db4-b6ba-f709bdddd3f9', 'd37a7644-5f1d-4502-b0a9-917cbdb343ce', 'ff53d318-0a4f-48f4-9b03-1374279dd156', '2026-06-15 00:00:00', 'Excused', '2026-06-15 10:51:24.399', '2026-06-15 10:51:49.373', '');
INSERT INTO public."TeacherAttendanceRecord" (id, "teacherUserId", "classId", "studentId", date, status, "createdAt", "updatedAt", reason) VALUES ('cadc65c7-4fd6-4efe-91ee-4fd3de37a1ac', '1470a945-9b65-4421-bd21-05d88c586cf6', '9efccb43-f6ea-451f-bf59-89a6b88d1db9', '9f1f17c4-cf9f-47f7-8415-004e293c5d41', '2026-06-16 00:00:00', 'Present', '2026-06-16 19:05:15.462', '2026-06-16 19:05:15.462', '');
INSERT INTO public."TeacherAttendanceRecord" (id, "teacherUserId", "classId", "studentId", date, status, "createdAt", "updatedAt", reason) VALUES ('9dc92c39-ad57-4667-8079-4d613e780df3', '1470a945-9b65-4421-bd21-05d88c586cf6', '9efccb43-f6ea-451f-bf59-89a6b88d1db9', 'd5482c99-09d4-4b92-8e66-ef49264b5894', '2026-06-16 00:00:00', 'Present', '2026-06-16 19:05:15.638', '2026-06-16 19:05:15.638', '');
INSERT INTO public."TeacherAttendanceRecord" (id, "teacherUserId", "classId", "studentId", date, status, "createdAt", "updatedAt", reason) VALUES ('0a861bea-8b22-4d8e-929e-bd98be4d7b6a', '1470a945-9b65-4421-bd21-05d88c586cf6', '9efccb43-f6ea-451f-bf59-89a6b88d1db9', '641fd270-7859-42d6-8952-14dfcb7d2721', '2026-06-16 00:00:00', 'Present', '2026-06-16 19:05:15.654', '2026-06-16 19:05:15.654', '');
INSERT INTO public."TeacherAttendanceRecord" (id, "teacherUserId", "classId", "studentId", date, status, "createdAt", "updatedAt", reason) VALUES ('f2d74c48-08f9-499d-996a-95feeec8c0d1', '1470a945-9b65-4421-bd21-05d88c586cf6', '9efccb43-f6ea-451f-bf59-89a6b88d1db9', '2515fb64-2e29-4543-847e-9e1bc661d984', '2026-06-16 00:00:00', 'Present', '2026-06-16 19:05:15.845', '2026-06-16 19:05:15.845', '');
INSERT INTO public."TeacherAttendanceRecord" (id, "teacherUserId", "classId", "studentId", date, status, "createdAt", "updatedAt", reason) VALUES ('d30452ab-857b-4494-b55c-be636ea39b62', '1470a945-9b65-4421-bd21-05d88c586cf6', '9efccb43-f6ea-451f-bf59-89a6b88d1db9', '19bf6104-042a-467c-abd7-2154e731bc25', '2026-06-16 00:00:00', 'Present', '2026-06-16 19:05:16.575', '2026-06-16 19:05:16.575', '');
INSERT INTO public."TeacherAttendanceRecord" (id, "teacherUserId", "classId", "studentId", date, status, "createdAt", "updatedAt", reason) VALUES ('d15357e8-540a-4a36-93ee-c0ee72a554aa', '1470a945-9b65-4421-bd21-05d88c586cf6', '9efccb43-f6ea-451f-bf59-89a6b88d1db9', '8296793c-cd3a-4d51-a0f6-c94930b981ec', '2026-06-16 00:00:00', 'Present', '2026-06-16 19:05:16.767', '2026-06-16 19:05:16.767', '');
INSERT INTO public."TeacherAttendanceRecord" (id, "teacherUserId", "classId", "studentId", date, status, "createdAt", "updatedAt", reason) VALUES ('9f4de1f8-b3b5-4382-99b8-5dec0cd85006', '1470a945-9b65-4421-bd21-05d88c586cf6', '9efccb43-f6ea-451f-bf59-89a6b88d1db9', '653d4c26-df1d-48c2-871e-304fcf4ba5ef', '2026-06-16 00:00:00', 'Present', '2026-06-16 19:05:16.768', '2026-06-16 19:05:16.768', '');
INSERT INTO public."TeacherAttendanceRecord" (id, "teacherUserId", "classId", "studentId", date, status, "createdAt", "updatedAt", reason) VALUES ('c5c77c0a-c5b3-4d76-91dc-e4d5ad258770', 'd02de544-b8f5-4620-8a00-37b41f8b03cb', '8716b082-5bec-4151-ac28-696f7e678b7f', 'a1fcb2c9-38ec-4248-a044-8c67b1b66201', '2026-06-16 00:00:00', 'Present', '2026-06-16 18:52:33.931', '2026-06-16 19:43:08.267', '');
INSERT INTO public."TeacherAttendanceRecord" (id, "teacherUserId", "classId", "studentId", date, status, "createdAt", "updatedAt", reason) VALUES ('cbd391a1-0845-4b0f-b262-01a132a44a7b', 'd02de544-b8f5-4620-8a00-37b41f8b03cb', '8716b082-5bec-4151-ac28-696f7e678b7f', 'f6872f25-9e5a-48e5-9e2c-79f4a2d70859', '2026-06-16 00:00:00', 'Present', '2026-06-16 18:52:06.507', '2026-06-16 19:43:08.266', '');
INSERT INTO public."TeacherAttendanceRecord" (id, "teacherUserId", "classId", "studentId", date, status, "createdAt", "updatedAt", reason) VALUES ('ceec9bed-d040-45ab-a8ff-6435f6af1a92', 'd02de544-b8f5-4620-8a00-37b41f8b03cb', '8716b082-5bec-4151-ac28-696f7e678b7f', '2fd8d88c-4826-484b-897e-999665fb9622', '2026-06-16 00:00:00', 'Present', '2026-06-16 04:38:04.614', '2026-06-16 19:43:08.266', '');
INSERT INTO public."TeacherAttendanceRecord" (id, "teacherUserId", "classId", "studentId", date, status, "createdAt", "updatedAt", reason) VALUES ('62d0c4b0-42ed-456c-aaab-8c15c7dedbf8', 'd02de544-b8f5-4620-8a00-37b41f8b03cb', '8716b082-5bec-4151-ac28-696f7e678b7f', '9f00f169-0d39-4b08-8274-863ed604d096', '2026-06-16 00:00:00', 'Present', '2026-06-16 19:43:08.268', '2026-06-16 19:43:08.268', '');
INSERT INTO public."TeacherAttendanceRecord" (id, "teacherUserId", "classId", "studentId", date, status, "createdAt", "updatedAt", reason) VALUES ('a7696bd4-1571-4f81-8f96-22fbd3da616b', 'd02de544-b8f5-4620-8a00-37b41f8b03cb', '8716b082-5bec-4151-ac28-696f7e678b7f', 'b170350b-7e6a-4d46-aeaa-2193a19aaa18', '2026-06-16 00:00:00', 'Present', '2026-06-16 19:43:08.268', '2026-06-16 19:43:08.268', '');
INSERT INTO public."TeacherAttendanceRecord" (id, "teacherUserId", "classId", "studentId", date, status, "createdAt", "updatedAt", reason) VALUES ('65972df5-8ccb-44c7-8579-bfac50e1dba1', 'd02de544-b8f5-4620-8a00-37b41f8b03cb', '8716b082-5bec-4151-ac28-696f7e678b7f', 'ee59c2de-7f0f-4e6f-b0e6-b7901ab0e63e', '2026-06-16 00:00:00', 'Present', '2026-06-16 19:43:08.267', '2026-06-16 19:43:08.267', '');
INSERT INTO public."TeacherAttendanceRecord" (id, "teacherUserId", "classId", "studentId", date, status, "createdAt", "updatedAt", reason) VALUES ('4640b967-d445-47eb-b977-2ce46b5d83a3', 'd02de544-b8f5-4620-8a00-37b41f8b03cb', '8716b082-5bec-4151-ac28-696f7e678b7f', 'f37b6f7f-2dca-4ef5-b4e0-67a5cdd1e8a3', '2026-06-16 00:00:00', 'Present', '2026-06-16 19:43:09.604', '2026-06-16 19:43:09.604', '');
INSERT INTO public."TeacherAttendanceRecord" (id, "teacherUserId", "classId", "studentId", date, status, "createdAt", "updatedAt", reason) VALUES ('9c07f684-4441-498b-8a58-fcede31a50e2', 'd02de544-b8f5-4620-8a00-37b41f8b03cb', '8716b082-5bec-4151-ac28-696f7e678b7f', 'ef81de5f-9a82-4525-8fc6-d3309bedceb4', '2026-06-16 00:00:00', 'Present', '2026-06-16 19:43:09.606', '2026-06-16 19:43:09.606', '');
INSERT INTO public."TeacherAttendanceRecord" (id, "teacherUserId", "classId", "studentId", date, status, "createdAt", "updatedAt", reason) VALUES ('e01ad0a4-f327-4b4e-bf97-3dd93e800b3b', 'd02de544-b8f5-4620-8a00-37b41f8b03cb', '8716b082-5bec-4151-ac28-696f7e678b7f', 'eab821a5-0b21-4f40-ad5f-8367729dffb2', '2026-06-16 00:00:00', 'Present', '2026-06-16 19:43:09.62', '2026-06-16 19:43:09.62', '');
INSERT INTO public."TeacherAttendanceRecord" (id, "teacherUserId", "classId", "studentId", date, status, "createdAt", "updatedAt", reason) VALUES ('034283fe-5b9b-4228-8ef7-78394185d46a', 'd02de544-b8f5-4620-8a00-37b41f8b03cb', '0b64f6b4-db2e-474a-8bbd-233e266386b9', 'f6872f25-9e5a-48e5-9e2c-79f4a2d70859', '2026-06-15 00:00:00', 'Excused', '2026-06-15 12:23:45.853', '2026-06-15 12:24:49.801', 'sick');
INSERT INTO public."TeacherAttendanceRecord" (id, "teacherUserId", "classId", "studentId", date, status, "createdAt", "updatedAt", reason) VALUES ('0ac22f66-7119-4801-92ee-91fbbaddfbcc', 'd02de544-b8f5-4620-8a00-37b41f8b03cb', '8716b082-5bec-4151-ac28-696f7e678b7f', '4e7ddf17-baf7-44c1-85ac-593532193409', '2026-06-16 00:00:00', 'Present', '2026-06-16 19:43:09.625', '2026-06-16 19:43:09.625', '');
INSERT INTO public."TeacherAttendanceRecord" (id, "teacherUserId", "classId", "studentId", date, status, "createdAt", "updatedAt", reason) VALUES ('45d03ac7-f108-4eb5-ba6c-4795a96f3382', 'd02de544-b8f5-4620-8a00-37b41f8b03cb', '8716b082-5bec-4151-ac28-696f7e678b7f', '47c63404-f507-48b2-8404-ebd085dc9ec1', '2026-06-16 00:00:00', 'Present', '2026-06-16 19:43:09.71', '2026-06-16 19:43:09.71', '');
INSERT INTO public."TeacherAttendanceRecord" (id, "teacherUserId", "classId", "studentId", date, status, "createdAt", "updatedAt", reason) VALUES ('4317bc3c-8344-4be5-83ea-fc1c9242f2f9', '90134318-ac84-491a-9ba0-01478258f1e1', 'b61e0ccf-4478-4199-a799-e761c854b824', 'c77b4d6f-6726-490c-8036-9e4ad580e719', '2026-06-17 00:00:00', 'Present', '2026-06-17 03:53:18.296', '2026-06-17 03:53:18.296', '');
INSERT INTO public."TeacherAttendanceRecord" (id, "teacherUserId", "classId", "studentId", date, status, "createdAt", "updatedAt", reason) VALUES ('f0aa715b-8d7e-4d7b-bcc0-583d65c622ad', '90134318-ac84-491a-9ba0-01478258f1e1', 'b61e0ccf-4478-4199-a799-e761c854b824', '6a4420d6-abbb-4601-bc26-429cfaa07a9d', '2026-06-17 00:00:00', 'Present', '2026-06-17 03:53:18.296', '2026-06-17 03:53:18.296', '');
INSERT INTO public."TeacherAttendanceRecord" (id, "teacherUserId", "classId", "studentId", date, status, "createdAt", "updatedAt", reason) VALUES ('da29afcd-a324-40aa-a290-a315b6031af1', '90134318-ac84-491a-9ba0-01478258f1e1', 'b61e0ccf-4478-4199-a799-e761c854b824', '023ff5e7-2b31-4267-8e83-d35ebe7d7da2', '2026-06-17 00:00:00', 'Present', '2026-06-17 03:53:19.6', '2026-06-17 03:53:19.6', '');
INSERT INTO public."TeacherAttendanceRecord" (id, "teacherUserId", "classId", "studentId", date, status, "createdAt", "updatedAt", reason) VALUES ('0f65e848-e306-4dba-9498-c04de2487086', '1470a945-9b65-4421-bd21-05d88c586cf6', '9efccb43-f6ea-451f-bf59-89a6b88d1db9', 'ff53d318-0a4f-48f4-9b03-1374279dd156', '2026-06-16 00:00:00', 'Present', '2026-06-16 19:05:14.317', '2026-06-16 19:05:14.317', '');
INSERT INTO public."TeacherAttendanceRecord" (id, "teacherUserId", "classId", "studentId", date, status, "createdAt", "updatedAt", reason) VALUES ('b8122f16-ce67-4039-8d8e-a16743c95bcf', '1470a945-9b65-4421-bd21-05d88c586cf6', '9efccb43-f6ea-451f-bf59-89a6b88d1db9', '9afb46a5-1fbd-4a09-a44c-700d7d0ccfbe', '2026-06-16 00:00:00', 'Present', '2026-06-16 19:05:14.617', '2026-06-16 19:05:14.617', '');
INSERT INTO public."TeacherAttendanceRecord" (id, "teacherUserId", "classId", "studentId", date, status, "createdAt", "updatedAt", reason) VALUES ('a8f03f8f-e30b-497b-aa0e-1d21f8637269', '1470a945-9b65-4421-bd21-05d88c586cf6', '9efccb43-f6ea-451f-bf59-89a6b88d1db9', '2fe41085-311d-4477-8ceb-76dc1dc1f423', '2026-06-16 00:00:00', 'Present', '2026-06-16 19:05:14.618', '2026-06-16 19:05:14.618', '');
INSERT INTO public."TeacherAttendanceRecord" (id, "teacherUserId", "classId", "studentId", date, status, "createdAt", "updatedAt", reason) VALUES ('d7686b4d-40c0-439b-b4df-df149b759a01', '1470a945-9b65-4421-bd21-05d88c586cf6', '9efccb43-f6ea-451f-bf59-89a6b88d1db9', '96bc68e3-d876-4ee8-8806-f09bebec67aa', '2026-06-16 00:00:00', 'Present', '2026-06-16 19:05:14.617', '2026-06-16 19:05:14.617', '');
INSERT INTO public."TeacherAttendanceRecord" (id, "teacherUserId", "classId", "studentId", date, status, "createdAt", "updatedAt", reason) VALUES ('74c25599-39a2-4891-905c-966430d51933', '1470a945-9b65-4421-bd21-05d88c586cf6', '9efccb43-f6ea-451f-bf59-89a6b88d1db9', 'ce6509e9-087e-41b3-bdab-f981db45eb8d', '2026-06-16 00:00:00', 'Present', '2026-06-16 19:05:14.618', '2026-06-16 19:05:14.618', '');
INSERT INTO public."TeacherAttendanceRecord" (id, "teacherUserId", "classId", "studentId", date, status, "createdAt", "updatedAt", reason) VALUES ('ecf827ac-9c63-4c09-82f2-2721255a42d7', '1470a945-9b65-4421-bd21-05d88c586cf6', '9efccb43-f6ea-451f-bf59-89a6b88d1db9', '979cfe17-3530-42cb-b313-95b1b78801f4', '2026-06-16 00:00:00', 'Present', '2026-06-16 19:05:14.618', '2026-06-16 19:05:14.618', '');
INSERT INTO public."TeacherAttendanceRecord" (id, "teacherUserId", "classId", "studentId", date, status, "createdAt", "updatedAt", reason) VALUES ('f6880c31-7191-4dbb-ad4e-d6ac437c0799', '90134318-ac84-491a-9ba0-01478258f1e1', 'b61e0ccf-4478-4199-a799-e761c854b824', '051753f8-4461-4e85-b321-2815998f50d4', '2026-06-17 00:00:00', 'Present', '2026-06-17 03:53:18.297', '2026-06-17 03:53:18.297', '');
INSERT INTO public."TeacherAttendanceRecord" (id, "teacherUserId", "classId", "studentId", date, status, "createdAt", "updatedAt", reason) VALUES ('3177d915-6b4c-4b53-955b-f72b25682009', '90134318-ac84-491a-9ba0-01478258f1e1', 'b61e0ccf-4478-4199-a799-e761c854b824', 'c0539b60-75ab-4fc9-b941-af225fed0cf7', '2026-06-17 00:00:00', 'Present', '2026-06-17 03:53:18.612', '2026-06-17 03:53:18.612', '');
INSERT INTO public."TeacherAttendanceRecord" (id, "teacherUserId", "classId", "studentId", date, status, "createdAt", "updatedAt", reason) VALUES ('98095c77-dd06-4a32-a734-a656d20656ea', '90134318-ac84-491a-9ba0-01478258f1e1', 'b61e0ccf-4478-4199-a799-e761c854b824', '3cb727fa-d0f2-4c65-83db-1451a293087b', '2026-06-17 00:00:00', 'Present', '2026-06-17 03:53:18.613', '2026-06-17 03:53:18.613', '');
INSERT INTO public."TeacherAttendanceRecord" (id, "teacherUserId", "classId", "studentId", date, status, "createdAt", "updatedAt", reason) VALUES ('403203d1-778c-40f3-8b00-b7e3580af875', '90134318-ac84-491a-9ba0-01478258f1e1', 'b61e0ccf-4478-4199-a799-e761c854b824', '2f02c89b-faf0-4f0e-8b9e-a53d2a3e0577', '2026-06-17 00:00:00', 'Present', '2026-06-17 03:53:18.612', '2026-06-17 03:53:18.612', '');


--
-- Data for Name: TeacherClassAssignment; Type: TABLE DATA; Schema: public; Owner: -
--

INSERT INTO public."TeacherClassAssignment" (id, "teacherUserId", "academicYearId", "sectionId", "sectionName", subject, schedule, room, "createdAt", "updatedAt") VALUES ('be059ec2-6975-438d-9ac9-c5f54e75d853', '24b38f39-b25d-4db4-b6ba-f709bdddd3f9', NULL, NULL, 'SFXSAI', 'Mathematics', 'TBA', '', '2026-06-15 18:37:32.971', '2026-06-16 14:43:48.223');
INSERT INTO public."TeacherClassAssignment" (id, "teacherUserId", "academicYearId", "sectionId", "sectionName", subject, schedule, room, "createdAt", "updatedAt") VALUES ('b9c29626-666b-4780-978e-17b75834d66a', 'd02de544-b8f5-4620-8a00-37b41f8b03cb', NULL, NULL, 'Nursery', 'Socio-Emotional Development', 'TBA', '', '2026-06-17 03:21:47.052', '2026-06-17 03:21:47.052');
INSERT INTO public."TeacherClassAssignment" (id, "teacherUserId", "academicYearId", "sectionId", "sectionName", subject, schedule, room, "createdAt", "updatedAt") VALUES ('0f865b19-1091-42b9-af8e-092a401b0d98', 'd02de544-b8f5-4620-8a00-37b41f8b03cb', NULL, NULL, 'Nursery', 'Values Development (GMRC)', 'TBA', '', '2026-06-17 03:21:47.052', '2026-06-17 03:21:47.052');
INSERT INTO public."TeacherClassAssignment" (id, "teacherUserId", "academicYearId", "sectionId", "sectionName", subject, schedule, room, "createdAt", "updatedAt") VALUES ('345a39ea-6b15-4b93-8031-be239ff7f057', 'd02de544-b8f5-4620-8a00-37b41f8b03cb', NULL, NULL, 'Nursery', 'Cognitive Development', 'TBA', '', '2026-06-17 03:21:47.052', '2026-06-17 03:21:47.052');
INSERT INTO public."TeacherClassAssignment" (id, "teacherUserId", "academicYearId", "sectionId", "sectionName", subject, schedule, room, "createdAt", "updatedAt") VALUES ('6b21d81d-1ebb-41ab-9bd7-a4b6d90fcaa8', 'd02de544-b8f5-4620-8a00-37b41f8b03cb', NULL, NULL, 'Nursery', 'Physical Health and Motor Development', 'TBA', '', '2026-06-17 03:21:47.052', '2026-06-17 03:21:47.052');
INSERT INTO public."TeacherClassAssignment" (id, "teacherUserId", "academicYearId", "sectionId", "sectionName", subject, schedule, room, "createdAt", "updatedAt") VALUES ('c672e459-6531-4895-9cc5-b2872c8398e5', 'd02de544-b8f5-4620-8a00-37b41f8b03cb', NULL, NULL, 'Nursery', 'Aesthetic/Creative Development', 'TBA', '', '2026-06-17 03:21:47.052', '2026-06-17 03:21:47.052');
INSERT INTO public."TeacherClassAssignment" (id, "teacherUserId", "academicYearId", "sectionId", "sectionName", subject, schedule, room, "createdAt", "updatedAt") VALUES ('980f3c69-41c5-41a5-9241-21a64a1c90bc', 'd02de544-b8f5-4620-8a00-37b41f8b03cb', NULL, NULL, 'Nursery', 'Literacy, Language, and Communication', 'TBA', '', '2026-06-17 03:21:47.052', '2026-06-17 03:21:47.052');
INSERT INTO public."TeacherClassAssignment" (id, "teacherUserId", "academicYearId", "sectionId", "sectionName", subject, schedule, room, "createdAt", "updatedAt") VALUES ('b31834c2-3bec-4bef-9d0a-3ee101c7b643', '24b38f39-b25d-4db4-b6ba-f709bdddd3f9', NULL, NULL, 'SFXSAI', 'Science', 'TBA', '', '2026-06-15 18:37:32.971', '2026-06-16 14:43:48.223');
INSERT INTO public."TeacherClassAssignment" (id, "teacherUserId", "academicYearId", "sectionId", "sectionName", subject, schedule, room, "createdAt", "updatedAt") VALUES ('bdfd463e-c146-4c40-afb1-3ad14bba927d', '24b38f39-b25d-4db4-b6ba-f709bdddd3f9', NULL, NULL, 'SFXSAI', 'Computer', 'TBA', '', '2026-06-15 18:37:32.971', '2026-06-16 14:43:48.223');
INSERT INTO public."TeacherClassAssignment" (id, "teacherUserId", "academicYearId", "sectionId", "sectionName", subject, schedule, room, "createdAt", "updatedAt") VALUES ('25b4fb3f-d0f4-4154-af16-f244fa3cff56', '1470a945-9b65-4421-bd21-05d88c586cf6', NULL, NULL, 'SFXSAI', 'Homeroom', 'TBA', '', '2026-06-15 18:37:36.152', '2026-06-16 14:43:48.223');
INSERT INTO public."TeacherClassAssignment" (id, "teacherUserId", "academicYearId", "sectionId", "sectionName", subject, schedule, room, "createdAt", "updatedAt") VALUES ('9efccb43-f6ea-451f-bf59-89a6b88d1db9', '1470a945-9b65-4421-bd21-05d88c586cf6', NULL, NULL, 'SFXSAI', 'English', 'TBA', '', '2026-06-15 18:37:36.152', '2026-06-16 14:43:48.223');
INSERT INTO public."TeacherClassAssignment" (id, "teacherUserId", "academicYearId", "sectionId", "sectionName", subject, schedule, room, "createdAt", "updatedAt") VALUES ('88c99173-25ee-4603-a423-5d243fddbcd1', '1470a945-9b65-4421-bd21-05d88c586cf6', NULL, NULL, 'SFXSAI', 'Values Education', 'TBA', '', '2026-06-15 18:37:36.152', '2026-06-16 14:43:48.223');
INSERT INTO public."TeacherClassAssignment" (id, "teacherUserId", "academicYearId", "sectionId", "sectionName", subject, schedule, room, "createdAt", "updatedAt") VALUES ('7d6defa7-9236-4d40-a852-69895df45fc9', 'ded0ca48-f838-42b5-932b-dd4da9926274', NULL, NULL, 'SFXSAI', 'Homeroom', 'TBA', '', '2026-06-15 18:37:42.315', '2026-06-16 14:43:48.223');
INSERT INTO public."TeacherClassAssignment" (id, "teacherUserId", "academicYearId", "sectionId", "sectionName", subject, schedule, room, "createdAt", "updatedAt") VALUES ('e6bd169d-1afc-47f4-a261-dd2f9b7a8a43', 'ded0ca48-f838-42b5-932b-dd4da9926274', NULL, NULL, 'SFXSAI', 'Mathematics', 'TBA', '', '2026-06-15 18:37:42.315', '2026-06-16 14:43:48.223');
INSERT INTO public."TeacherClassAssignment" (id, "teacherUserId", "academicYearId", "sectionId", "sectionName", subject, schedule, room, "createdAt", "updatedAt") VALUES ('c63d8e7f-a9ec-4f18-aadf-471c17358a39', 'ded0ca48-f838-42b5-932b-dd4da9926274', NULL, NULL, 'SFXSAI', 'Science', 'TBA', '', '2026-06-15 18:37:42.315', '2026-06-16 14:43:48.223');
INSERT INTO public."TeacherClassAssignment" (id, "teacherUserId", "academicYearId", "sectionId", "sectionName", subject, schedule, room, "createdAt", "updatedAt") VALUES ('f84d96d9-f3c2-49a1-a24f-8642ff4b190e', '90134318-ac84-491a-9ba0-01478258f1e1', NULL, NULL, 'SFXSAI', 'Homeroom', 'TBA', '', '2026-06-15 18:37:45.484', '2026-06-16 14:43:48.223');
INSERT INTO public."TeacherClassAssignment" (id, "teacherUserId", "academicYearId", "sectionId", "sectionName", subject, schedule, room, "createdAt", "updatedAt") VALUES ('b61e0ccf-4478-4199-a799-e761c854b824', '90134318-ac84-491a-9ba0-01478258f1e1', NULL, NULL, 'SFXSAI', 'English', 'TBA', '', '2026-06-15 18:37:45.484', '2026-06-16 14:43:48.223');
INSERT INTO public."TeacherClassAssignment" (id, "teacherUserId", "academicYearId", "sectionId", "sectionName", subject, schedule, room, "createdAt", "updatedAt") VALUES ('d8eb9056-8577-4812-938d-c87a29e5b94b', '90134318-ac84-491a-9ba0-01478258f1e1', NULL, NULL, 'SFXSAI', 'Filipino', 'TBA', '', '2026-06-15 18:37:45.484', '2026-06-16 14:43:48.223');
INSERT INTO public."TeacherClassAssignment" (id, "teacherUserId", "academicYearId", "sectionId", "sectionName", subject, schedule, room, "createdAt", "updatedAt") VALUES ('28350fe5-4d78-44b0-a7f2-84b1bf8e0543', 'cfb632f2-7336-461f-a1d1-fe3b24e0bccc', NULL, NULL, 'SFXSAI', 'Homeroom', 'TBA', '', '2026-06-15 18:37:48.556', '2026-06-16 14:43:48.223');
INSERT INTO public."TeacherClassAssignment" (id, "teacherUserId", "academicYearId", "sectionId", "sectionName", subject, schedule, room, "createdAt", "updatedAt") VALUES ('a489374f-23c6-4990-adf8-b8f4ee5d61b2', 'cfb632f2-7336-461f-a1d1-fe3b24e0bccc', NULL, NULL, 'SFXSAI', 'Science', 'TBA', '', '2026-06-15 18:37:48.556', '2026-06-16 14:43:48.223');
INSERT INTO public."TeacherClassAssignment" (id, "teacherUserId", "academicYearId", "sectionId", "sectionName", subject, schedule, room, "createdAt", "updatedAt") VALUES ('4b61c805-4ce7-495f-a6cd-186f15fc0d1e', 'cfb632f2-7336-461f-a1d1-fe3b24e0bccc', NULL, NULL, 'SFXSAI', 'Mathematics', 'TBA', '', '2026-06-15 18:37:48.556', '2026-06-16 14:43:48.223');
INSERT INTO public."TeacherClassAssignment" (id, "teacherUserId", "academicYearId", "sectionId", "sectionName", subject, schedule, room, "createdAt", "updatedAt") VALUES ('81c858a8-11f3-43ea-95e1-87e9363e8295', '0ebdf9dd-7363-4c1c-b39b-529127bc7a6b', NULL, NULL, 'SFXSAI', 'Homeroom', 'TBA', '', '2026-06-15 18:37:51.646', '2026-06-16 14:43:48.223');
INSERT INTO public."TeacherClassAssignment" (id, "teacherUserId", "academicYearId", "sectionId", "sectionName", subject, schedule, room, "createdAt", "updatedAt") VALUES ('4673a5fe-e61e-4beb-a32e-8d8bf854ac82', '0ebdf9dd-7363-4c1c-b39b-529127bc7a6b', NULL, NULL, 'SFXSAI', 'English', 'TBA', '', '2026-06-15 18:37:51.646', '2026-06-16 14:43:48.223');
INSERT INTO public."TeacherClassAssignment" (id, "teacherUserId", "academicYearId", "sectionId", "sectionName", subject, schedule, room, "createdAt", "updatedAt") VALUES ('b2e620eb-b820-4c22-ac0e-48526f29da7a', '0ebdf9dd-7363-4c1c-b39b-529127bc7a6b', NULL, NULL, 'SFXSAI', 'Araling Panlipunan', 'TBA', '', '2026-06-15 18:37:51.646', '2026-06-16 14:43:48.223');
INSERT INTO public."TeacherClassAssignment" (id, "teacherUserId", "academicYearId", "sectionId", "sectionName", subject, schedule, room, "createdAt", "updatedAt") VALUES ('c37097f3-586f-4ef7-b566-41b1fec3f664', '1e04cc8a-6871-4861-9c0e-e803444c4de2', NULL, NULL, 'SFXSAI', 'Homeroom', 'TBA', '', '2026-06-15 18:37:54.737', '2026-06-16 14:43:48.223');
INSERT INTO public."TeacherClassAssignment" (id, "teacherUserId", "academicYearId", "sectionId", "sectionName", subject, schedule, room, "createdAt", "updatedAt") VALUES ('9c81f9ca-1219-4efc-b9f1-7065f5f64f63', '1e04cc8a-6871-4861-9c0e-e803444c4de2', NULL, NULL, 'SFXSAI', 'Filipino', 'TBA', '', '2026-06-15 18:37:54.737', '2026-06-16 14:43:48.223');
INSERT INTO public."TeacherClassAssignment" (id, "teacherUserId", "academicYearId", "sectionId", "sectionName", subject, schedule, room, "createdAt", "updatedAt") VALUES ('d10dbb2c-0812-4b17-a957-b75297f28e71', '1e04cc8a-6871-4861-9c0e-e803444c4de2', NULL, NULL, 'SFXSAI', 'MAPEH', 'TBA', '', '2026-06-15 18:37:54.737', '2026-06-16 14:43:48.223');
INSERT INTO public."TeacherClassAssignment" (id, "teacherUserId", "academicYearId", "sectionId", "sectionName", subject, schedule, room, "createdAt", "updatedAt") VALUES ('605761ba-e30c-4fb8-a8c6-3c2f989ad075', 'ee989e19-040b-4145-b354-1e8ac38e7588', NULL, NULL, 'SFXSAI', 'Math - Grade 1', 'TBA', '', '2026-06-15 18:37:57.911', '2026-06-16 14:43:48.223');


--
-- Data for Name: TeacherDirectMessage; Type: TABLE DATA; Schema: public; Owner: -
--



--
-- Data for Name: TeacherGradeRecord; Type: TABLE DATA; Schema: public; Owner: -
--

INSERT INTO public."TeacherGradeRecord" (id, "teacherUserId", "classId", "studentId", quarter, written, performance, exam, "createdAt", "updatedAt") VALUES ('16e41068-b083-4799-a609-c852a99fef4c', 'ee989e19-040b-4145-b354-1e8ac38e7588', '605761ba-e30c-4fb8-a8c6-3c2f989ad075', 'c77b4d6f-6726-490c-8036-9e4ad580e719', 'Q1', 89, 79, 90, '2026-06-16 16:07:19.365', '2026-06-16 16:07:38.195');


--
-- Data for Name: TeacherLessonLog; Type: TABLE DATA; Schema: public; Owner: -
--



--
-- Data for Name: TeacherProfile; Type: TABLE DATA; Schema: public; Owner: -
--

INSERT INTO public."TeacherProfile" (id, "teacherUserId", name, email, department, phone, "advisoryClass", "createdAt", "updatedAt", "accountStatus", "adminRole", "sectionAssignment", subjects, "totalClassesHandled", "numberOfStudents", "weeklyHours", "assignedGradeLevel") VALUES ('c793e379-0021-4b6b-b7af-88cf0e2e635e', 'ee989e19-040b-4145-b354-1e8ac38e7588', 'Sample Teacher', 'teacher1@sfxsai.com', 'English', '', 'SFXSAI', '2026-06-15 18:37:57.736', '2026-06-17 04:36:52.551', 'Active', 'Teacher', 'SFXSAI', 'English', 1, 8, 6, 'Grade 1');
INSERT INTO public."TeacherProfile" (id, "teacherUserId", name, email, department, phone, "advisoryClass", "createdAt", "updatedAt", "accountStatus", "adminRole", "sectionAssignment", subjects, "totalClassesHandled", "numberOfStudents", "weeklyHours", "assignedGradeLevel") VALUES ('1489b5b9-d8a9-4423-b36d-6ca6e4bd23e9', 'd02de544-b8f5-4620-8a00-37b41f8b03cb', 'J Briones', 'jbriones.13579@gmail.com', 'Homeroom', '', 'SFXSAI', '2026-06-15 10:40:49.714', '2026-06-17 04:36:52.551', 'Active', 'Adviser', 'SFXSAI', 'Socio-Emotional Development|Values Development (GMRC)|Cognitive Development|Physical Health and Motor Development|Aesthetic/Creative Development|Literacy, Language, and Communication', 6, 10, 18, 'Grade 1');
INSERT INTO public."TeacherProfile" (id, "teacherUserId", name, email, department, phone, "advisoryClass", "createdAt", "updatedAt", "accountStatus", "adminRole", "sectionAssignment", subjects, "totalClassesHandled", "numberOfStudents", "weeklyHours", "assignedGradeLevel") VALUES ('26064a18-ea50-4e8c-af6c-3c820a33e93b', '24b38f39-b25d-4db4-b6ba-f709bdddd3f9', 'Shaylene', 'shaylene0622@gmail.com', 'Mathematics', '', 'SFXSAI', '2026-06-15 10:40:51.826', '2026-06-17 04:36:52.551', 'Active', 'Subject Teacher', 'SFXSAI', 'Mathematics|Science|Computer', 3, 7, 15, 'Grade 1');
INSERT INTO public."TeacherProfile" (id, "teacherUserId", name, email, department, phone, "advisoryClass", "createdAt", "updatedAt", "accountStatus", "adminRole", "sectionAssignment", subjects, "totalClassesHandled", "numberOfStudents", "weeklyHours", "assignedGradeLevel") VALUES ('77324553-3e4d-48ac-bc95-f186101f4f6e', '1470a945-9b65-4421-bd21-05d88c586cf6', 'Melody Dawn Dadios', 'melodydawndadios@gmail.com', 'Homeroom', '', 'SFXSAI', '2026-06-15 10:40:50.77', '2026-06-17 04:36:52.551', 'Active', 'Adviser', 'SFXSAI', 'Homeroom|English|Values Education', 3, 7, 18, 'Grade 1');
INSERT INTO public."TeacherProfile" (id, "teacherUserId", name, email, department, phone, "advisoryClass", "createdAt", "updatedAt", "accountStatus", "adminRole", "sectionAssignment", subjects, "totalClassesHandled", "numberOfStudents", "weeklyHours", "assignedGradeLevel") VALUES ('b856da7a-9575-4831-89a1-1189480f54a8', 'ded0ca48-f838-42b5-932b-dd4da9926274', 'Johnin Mae Dadula', 'johninmae26dadula@gmail.com', 'Homeroom', '', 'SFXSAI', '2026-06-15 10:40:48.476', '2026-06-17 04:36:52.551', 'Active', 'Adviser', 'SFXSAI', 'Homeroom|Mathematics|Science', 3, 7, 18, 'Grade 1');
INSERT INTO public."TeacherProfile" (id, "teacherUserId", name, email, department, phone, "advisoryClass", "createdAt", "updatedAt", "accountStatus", "adminRole", "sectionAssignment", subjects, "totalClassesHandled", "numberOfStudents", "weeklyHours", "assignedGradeLevel") VALUES ('5b25ebcf-fa6f-4616-b797-588c31eb2401', '90134318-ac84-491a-9ba0-01478258f1e1', 'Ychemlie', 'ychemlie@gmail.com', 'Homeroom', '', 'SFXSAI', '2026-06-15 10:39:24.183', '2026-06-17 04:36:52.551', 'Active', 'Adviser', 'SFXSAI', 'Homeroom|English|Filipino', 3, 8, 18, 'Grade 1');
INSERT INTO public."TeacherProfile" (id, "teacherUserId", name, email, department, phone, "advisoryClass", "createdAt", "updatedAt", "accountStatus", "adminRole", "sectionAssignment", subjects, "totalClassesHandled", "numberOfStudents", "weeklyHours", "assignedGradeLevel") VALUES ('e11c130a-0000-4979-bb95-4c6bb9b1f9dc', 'cfb632f2-7336-461f-a1d1-fe3b24e0bccc', 'Casandra Dante', 'casandradante18@gmail.com', 'Homeroom', '', 'SFXSAI', '2026-06-15 10:35:50.535', '2026-06-17 04:36:52.551', 'Active', 'Adviser', 'SFXSAI', 'Homeroom|Science|Mathematics', 4, 9, 22, 'Grade 1');
INSERT INTO public."TeacherProfile" (id, "teacherUserId", name, email, department, phone, "advisoryClass", "createdAt", "updatedAt", "accountStatus", "adminRole", "sectionAssignment", subjects, "totalClassesHandled", "numberOfStudents", "weeklyHours", "assignedGradeLevel") VALUES ('fcc21ba8-f757-4fa0-8dbc-d0f683225044', '0ebdf9dd-7363-4c1c-b39b-529127bc7a6b', 'Alwina Marie Estremos', 'alwinamarieestremos@gmail.com', 'Homeroom', '', 'SFXSAI', '2026-06-15 10:33:28.516', '2026-06-17 04:36:52.551', 'Active', 'Adviser', 'SFXSAI', 'Homeroom|English|Araling Panlipunan', 4, 8, 22, 'Grade 1');
INSERT INTO public."TeacherProfile" (id, "teacherUserId", name, email, department, phone, "advisoryClass", "createdAt", "updatedAt", "accountStatus", "adminRole", "sectionAssignment", subjects, "totalClassesHandled", "numberOfStudents", "weeklyHours", "assignedGradeLevel") VALUES ('fc6c47a6-c43c-44f9-8204-6ec683f75f50', '1e04cc8a-6871-4861-9c0e-e803444c4de2', 'Syrah Ababat', 'ababatsyrah@gmail.com', 'Homeroom', '', 'SFXSAI', '2026-06-15 10:31:00.981', '2026-06-17 04:36:52.551', 'Active', 'Adviser', 'SFXSAI', 'Homeroom|Filipino|MAPEH', 4, 8, 22, 'Grade 1');


--
-- Data for Name: TeacherResource; Type: TABLE DATA; Schema: public; Owner: -
--



--
-- Data for Name: TeacherScheduleEntry; Type: TABLE DATA; Schema: public; Owner: -
--

INSERT INTO public."TeacherScheduleEntry" (id, "teacherUserId", weekday, "weekdaySort", title, "startTime", "createdAt", "updatedAt") VALUES ('a57daf47-00ba-49cd-adf6-7f29057ab0cc', 'ee989e19-040b-4145-b354-1e8ac38e7588', 'Monday', 1, 'English', '08:00', '2026-06-16 16:06:22.487', '2026-06-16 16:06:22.487');
INSERT INTO public."TeacherScheduleEntry" (id, "teacherUserId", weekday, "weekdaySort", title, "startTime", "createdAt", "updatedAt") VALUES ('fd8e544d-874b-4e53-bb92-823149f083ee', 'ee989e19-040b-4145-b354-1e8ac38e7588', 'Monday', 1, 'Math', '08:00', '2026-06-16 16:06:45.684', '2026-06-16 16:06:45.684');


--
-- Data for Name: _prisma_migrations; Type: TABLE DATA; Schema: public; Owner: -
--

INSERT INTO public._prisma_migrations (id, checksum, finished_at, migration_name, logs, rolled_back_at, started_at, applied_steps_count) VALUES ('15e41443-4f94-4521-bf9e-5110da3a08e5', '2062002b795441febb15ce950eaf76061d241d3afe96f4d77454aa1abec0bf02', '2026-06-11 14:51:23.062969+00', '20260611144500_init_postgresql', '', NULL, '2026-06-11 14:51:23.062969+00', 0);
INSERT INTO public._prisma_migrations (id, checksum, finished_at, migration_name, logs, rolled_back_at, started_at, applied_steps_count) VALUES ('0e8bfebb-feb6-46e9-b1b3-7a2cfcbb58b6', '5634dcfbc2cb0840be837e5efcbb2c61809f5ed7c1f4f7278aa2e56a42e0c67d', '2026-06-11 17:01:14.120691+00', '20260611170114_add_storage_files', NULL, NULL, '2026-06-11 17:01:14.092258+00', 1);
INSERT INTO public._prisma_migrations (id, checksum, finished_at, migration_name, logs, rolled_back_at, started_at, applied_steps_count) VALUES ('6e4e06d5-25e7-4bd3-a7b9-e2052b6f9833', 'ff8f74d84bfe79983839cce6bb27b7178bd2e41a605354d2b17a39024b522037', '2026-06-12 04:31:00.107904+00', '20260612043100_add_student_enrollment_submitted_at', NULL, NULL, '2026-06-12 04:31:00.103441+00', 1);
INSERT INTO public._prisma_migrations (id, checksum, finished_at, migration_name, logs, rolled_back_at, started_at, applied_steps_count) VALUES ('e3aca6d3-db41-41bc-bf8d-e27e3fb4ba79', '2fe4766d2618443288490f5df06911be22ff97a9b9f120c0dcd48ecfd581a43a', '2026-06-14 07:28:57.318064+00', '20260614071000_add_chat', NULL, NULL, '2026-06-14 07:28:56.372289+00', 1);
INSERT INTO public._prisma_migrations (id, checksum, finished_at, migration_name, logs, rolled_back_at, started_at, applied_steps_count) VALUES ('07e99434-43c1-46d4-8d13-ae9f210a8392', '83c380b9abced43bce639368221c6ec2ff477741b9d6d1196ba7f52157f47117', '2026-06-15 07:25:37.623426+00', '20260615102000_add_teacher_portal_records', NULL, NULL, '2026-06-15 07:25:36.604443+00', 1);
INSERT INTO public._prisma_migrations (id, checksum, finished_at, migration_name, logs, rolled_back_at, started_at, applied_steps_count) VALUES ('3a14ba12-cdbf-4a34-8aed-6e7c7d60008e', 'd4f7cb1ca320d6c46bd62b5fe028d9291071c10e77b1e74a925158c46185cc16', '2026-06-15 12:08:14.042405+00', '20260615114500_add_teacher_attendance_reason', NULL, NULL, '2026-06-15 12:08:13.075467+00', 1);
INSERT INTO public._prisma_migrations (id, checksum, finished_at, migration_name, logs, rolled_back_at, started_at, applied_steps_count) VALUES ('ee9b6b76-d608-463e-b2ec-e40c3966e6a3', '06774ee311fe80aa02e5e4a805b7fecec38623eb48ccbfe77827b924327df4f0', '2026-06-15 17:28:14.62843+00', '20260615133000_add_calendar_events', NULL, NULL, '2026-06-15 17:28:14.128483+00', 1);
INSERT INTO public._prisma_migrations (id, checksum, finished_at, migration_name, logs, rolled_back_at, started_at, applied_steps_count) VALUES ('d8d387e4-263d-4d62-9609-e6e2649a0fd3', '94d2951d6787ac612dd06bfbfd03c0ae6facdeaaad53a6893c6634d9c68575f0', '2026-06-15 18:28:30.835491+00', '20260615183000_add_admin_teacher_management_fields', NULL, NULL, '2026-06-15 18:28:30.362957+00', 1);
INSERT INTO public._prisma_migrations (id, checksum, finished_at, migration_name, logs, rolled_back_at, started_at, applied_steps_count) VALUES ('b9310314-89e9-4d70-9b3a-059b4f531f1a', 'b6c29d8a93a2f1fb6b5245972bcf3a9949a828e3ca6a2a5720425094e0c3195d', '2026-06-15 18:34:38.795726+00', '20260615184500_add_teacher_assigned_grade_level', NULL, NULL, '2026-06-15 18:34:38.377372+00', 1);
INSERT INTO public._prisma_migrations (id, checksum, finished_at, migration_name, logs, rolled_back_at, started_at, applied_steps_count) VALUES ('5905e609-8ae7-4127-9142-7b69647ec062', '8412161e86c4229c9d8be846693bf74b109ceee04f3efef46ce3296f5f133cf1', '2026-06-16 14:43:41.454272+00', '20260616084500_add_enrollment_application_section', NULL, NULL, '2026-06-16 14:43:40.976239+00', 1);
INSERT INTO public._prisma_migrations (id, checksum, finished_at, migration_name, logs, rolled_back_at, started_at, applied_steps_count) VALUES ('478833e8-66bc-425a-98ac-bec13d822ef8', 'ca2279862885ffe61322ebc27555d51bff9c7d4f705659301ccaa415a9602b4b', '2026-06-16 14:55:35.78796+00', '20260616145500_add_dashboard_filter_indexes', NULL, NULL, '2026-06-16 14:55:35.23084+00', 1);
INSERT INTO public._prisma_migrations (id, checksum, finished_at, migration_name, logs, rolled_back_at, started_at, applied_steps_count) VALUES ('7c859de6-3a05-40ab-b7a0-e5f1e1f40b0f', 'ee9fa8a575e88b378d1bd23ae86f631e66091c87270eb7eb796418f63bbffb95', '2026-06-16 16:03:08.858514+00', '20260616162000_add_teacher_schedule_entries', NULL, NULL, '2026-06-16 16:03:08.310877+00', 1);


--
-- PostgreSQL database dump complete
--

\unrestrict aHBPJfVArWTtJVUFfVwUdpOFjyrkljOSCEs7rIzeooUaj2PGEa5HaObm55VpPMX

